,scenario_id,roaduser_id,startx_axis,starty_axis,endx_axis,endy_axis,speed,max_speed,numberofcycle,start_cycle,user_type,strategy
0,1,v0,12.5103,3.9283,4.729,17.007,2.7885,2.8428246899938494,13.0,2.0,2,1
1,1,p0,6.9816,7.8139,17.624000000000002,9.8279,1.39073023983805,1.6982277862452415,21.0,2.0,1,1
2,1,v1,12.6941,5.0008,5.0846,15.7345,2.3886,2.498176164614405,19.0,8.0,2,1
3,1,p1,7.0758,10.0843,14.0078,9.9686,0.9675032299687687,1.2322565237637393,21.0,2.0,1,1
4,1,p2,6.9517,10.6384,4.1991,10.2875,1.383149225499548,1.5182155806589603,6.0,2.0,1,1
5,1,p3,6.9421,11.0668,4.1238,10.7398,1.358114177821585,1.5694323192659652,6.0,2.0,1,1
6,1,p4,9.122,12.4495,3.9572,11.8279,1.336114560956507,1.5039504835956743,10.0,2.0,1,1
7,1,p5,16.5381,4.2545,6.6233,5.6902,0.9109458655705068,1.5330423733476644,21.0,2.0,1,1
8,2,p0,7.1271,9.3865,16.2696,9.8579,1.2654807149854161,1.680471711769763,15.0,2.0,1,1
9,2,v2,13.2366,4.1981,7.4049,14.872,2.1079,2.21134758590948,15.0,2.0,2,1
10,3,v2,17.7279,19.7543,15.3197,3.6006,0.3822,1.174453667758681,45.0,9.0,2,1
11,3,p5,20.016,15.075999999999999,3.9993,15.4901,0.8663004675053569,1.5900712086371451,35.0,9.0,1,1
12,3,p32,20.9193,9.8634,26.0324,11.9004,1.1695383405429682,1.329442362267672,19.0,9.0,1,1
13,3,p39,19.4379,10.5118,25.7132,11.4889,1.2369176043698304,1.396525701836468,20.0,9.0,1,1
14,3,p40,19.5223,9.5788,25.7787,10.7413,1.3052672561586764,1.3986247746330998,20.0,9.0,1,1
15,3,p41,18.836,11.9455,25.7514,12.7708,1.2355187736331652,1.423542006711794,21.0,9.0,1,1
16,3,p42,17.9541,10.7473,26.0558,12.1225,1.2013941900974885,1.3244021391557639,24.0,9.0,1,1
17,3,p43,18.9662,13.4404,25.623,14.8124,1.5643227831876643,1.9760929021584488,17.0,9.0,1,1
18,3,p44,18.9532,13.8213,26.0339,15.8646,1.5766907432974928,1.9552789614222776,18.0,9.0,1,1
19,3,p45,16.3584,9.347999999999999,25.8057,10.993,1.5327771038216875,1.6231771655853329,23.0,9.0,1,1
20,3,p46,14.081,9.2642,26.0461,11.095999999999998,1.4762261141166688,1.6089866186850676,26.0,9.0,1,1
21,3,p47,15.5191,11.0235,25.4966,12.3058,1.326086712851011,1.5525770765068871,24.0,9.0,1,1
22,3,p48,15.1882,11.557,25.4608,13.3291,1.476065449090927,1.647257723722679,24.0,9.0,1,1
23,3,p49,13.7616,12.1621,25.6653,13.7567,1.423005073778727,1.6367640072305956,26.0,9.0,1,1
24,3,p50,13.7323,12.7371,25.6729,14.3364,1.493201771362464,1.5878442939530606,26.0,9.0,1,1
25,3,p51,14.356,13.9925,25.8909,14.5031,1.5984703938453162,1.7358939987967479,24.0,9.0,1,1
26,3,p52,12.5697,11.139000000000001,25.8211,13.2834,1.6587960513577311,1.7912281216367654,27.0,9.0,1,1
27,3,p53,11.4936,9.8014,25.9819,10.494000000000002,1.3913343415584911,1.6090304332785013,32.0,9.0,1,1
28,3,p54,11.6743,7.8568,25.5795,14.4854,1.5743449209115516,1.7747912882769874,29.0,9.0,1,1
29,3,p55,9.8093,9.1342,25.9208,10.5434,1.2101090612006837,1.4806864706783538,36.0,9.0,1,1
30,3,p56,9.9732,9.6126,26.0012,11.1209,1.1410269760176575,1.4884572614235374,36.0,9.0,1,1
31,3,p57,10.5349,10.9599,25.8192,12.0534,1.450148299312867,1.6412892581718639,30.0,9.0,1,1
32,3,p59,7.2205,9.4732,25.7,11.0571,1.2633000158315524,1.491297041776947,39.0,9.0,1,1
33,3,p60,7.1925,10.1551,25.7673,12.0642,1.2653396698120234,1.4708382425102375,39.0,9.0,1,1
34,3,p61,7.9581,10.8853,25.5062,12.5411,1.52425986301549,1.6648261156593327,33.0,9.0,1,1
35,3,p62,7.8427,11.5958,25.3699,13.2849,1.420802565453765,1.6861408498206454,33.0,9.0,1,1
36,3,p63,7.7517,12.1676,25.921999999999997,13.9261,1.4740524583609635,1.7238122734107928,34.0,9.0,1,1
37,3,p64,5.608,12.3946,25.7261,12.7719,1.3356010819103135,1.8160968683968568,36.0,9.0,1,1
38,3,p66,4.8801,9.36,25.7213,10.7041,1.5085140304286202,1.625202167785681,42.0,11.0,1,1
39,3,p67,4.8121,9.8825,25.7465,11.2576,1.4386200645062617,1.6211281726898659,42.0,11.0,1,1
40,3,p68,5.0049,10.5567,25.8172,11.7485,1.450220569430733,1.6086792012268303,43.0,11.0,1,1
41,3,p69,5.2747,12.2237,25.5431,11.0465,1.2137419989437623,1.4633036988051484,45.0,11.0,1,1
42,3,p70,4.6009,13.8259,24.7973,17.6151,1.1977939263496038,1.4786669398027132,47.0,11.0,1,1
43,3,p71,4.9876,13.9614,25.4173,17.6899,1.5341837862524816,1.913285426678213,42.0,14.0,1,1
44,3,p73,4.3063,9.837,24.3575,11.1652,1.4900541097557498,1.6629650846258446,47.0,17.0,1,1
45,3,p74,4.2666,10.3282,24.2035,11.6571,1.4512154250834024,1.650053911441078,47.0,17.0,1,1
46,3,p75,4.9658,12.3622,25.9992,13.6623,1.6280055282461419,1.9716175592148582,43.0,17.0,1,1
47,3,p77,4.4327,11.7543,19.8996,13.5382,1.2205118311593706,1.4067130370018122,47.0,19.0,1,1
48,3,p79,5.7355,8.4403,25.8158,13.3089,3.062656907000848,2.643821278941124,46.0,22.0,1,1
49,3,p82,4.4432,10.6574,16.3255,11.3948,1.2361369584313868,1.286151342557228,47.0,24.0,1,1
50,3,p83,4.4425,11.3475,16.5605,12.0311,1.1615589266154343,1.2909235091401636,47.0,24.0,1,1
51,3,p84,4.9662,9.014,17.0386,9.6086,1.493529089104059,1.6423265330527785,47.0,26.0,1,1
52,3,p87,4.8323,9.4809,15.2,10.4446,1.2769822708244623,1.3767651436101576,47.0,29.0,1,1
53,3,p88,4.7194,10.0581,15.1304,11.2843,1.2434627658277508,1.4141803114670695,47.0,29.0,1,1
54,3,p89,12.8914,2.8104,19.1629,9.7444,1.191916314176461,1.351527232279912,47.0,31.0,1,1
55,3,p90,15.0462,2.6483,22.0453,9.845,1.410762269129707,1.5553791534734411,47.0,31.0,1,1
56,3,p91,4.6929,13.6341,17.5162,13.3075,1.5501782349136501,1.793983689372497,47.0,31.0,1,1
57,3,p92,13.8049,2.6557,19.425,9.2759,1.1356243965325858,1.390955465491957,47.0,32.0,1,1
58,3,p93,4.9430000000000005,8.1455,15.0979,9.1096,1.367000793708621,1.5771395684462899,47.0,32.0,1,1
59,3,p94,4.9257,10.3488,13.6826,11.1109,1.2554577213112355,1.3612075011710967,47.0,32.0,1,1
60,3,p95,4.663,11.167,13.3805,11.9072,1.1872783708970698,1.3454300455094939,47.0,32.0,1,1
61,3,p96,4.5457,9.5291,13.1198,10.2772,1.6330371030690025,1.8066420634471543,47.0,36.0,1,1
62,3,p97,10.6804,2.5646,13.9822,6.9669,0.9755291077153977,1.219040446898308,47.0,36.0,1,1
63,3,p98,3.9967,8.8605,10.1102,9.6305,1.2904707745625237,1.413483915979114,47.0,37.0,1,1
64,3,p99,4.3369,10.7914,9.3025,11.1299,1.0160491179072004,1.1261742608126073,47.0,37.0,1,1
65,3,p100,5.3418,12.7124,11.4927,11.4047,1.8278710512506071,2.0141496584557252,47.0,39.0,1,1
66,3,p101,4.1482,12.3002,8.3594,12.2935,1.0240632792947906,1.173603062453628,47.0,39.0,1,1
67,3,p102,4.2411,11.5981,8.3529,11.8664,1.0829204449081198,1.1771057272207868,47.0,39.0,1,1
68,3,p103,12.8716,3.2082,14.2089,6.2945,1.1712303360142273,1.3065922880949423,47.0,41.0,1,1
69,4,p0,20.66,9.6669,26.8729,10.8772,1.1371249051885197,1.3394252734551504,15.0,4.0,1,1
70,4,p1,20.7047,10.2911,27.1149,11.0852,1.112308014895155,1.5642101648214135,14.0,4.0,1,1
71,4,v2,17.0209,22.4452,15.4555,1.945,0.6532,1.7067287594897718,39.0,4.0,2,1
72,4,p12,20.2763,12.0354,5.308,17.8459,0.8780576746433003,1.3958353221680644,39.0,4.0,1,1
73,4,p13,19.454,12.4598,4.3996,19.8811,0.7147854573226852,1.4868691445657274,39.0,4.0,1,1
74,4,p14,21.5757,13.5601,26.7126,13.4595,1.2073488393997818,1.435006711182304,12.0,4.0,1,1
75,4,p15,19.8098,13.1217,26.7759,12.0041,1.5937190875433473,1.778209315266113,13.0,4.0,1,1
76,4,p16,18.0186,11.8423,27.0873,12.293,1.1550498387515578,1.3396065414877212,20.0,4.0,1,1
77,4,p17,17.9069,11.1113,27.0627,11.5852,1.177852388884108,1.3016712692703807,20.0,4.0,1,1
78,4,p18,19.2777,9.8638,26.7984,12.2762,1.671221245077982,1.8886310494675431,15.0,4.0,1,1
79,4,p19,15.119000000000002,7.2583,26.6707,10.9677,1.0322313306618822,1.1601597487431154,29.0,4.0,1,1
80,4,p20,14.8953,7.806,26.6718,11.6433,0.9428166152545255,1.1744937674636136,29.0,4.0,1,1
81,4,p21,17.129,9.0883,26.9651,11.0742,1.4686049741165934,1.6221874830944363,18.0,4.0,1,1
82,4,p22,16.8439,10.3125,26.8854,10.9783,1.2182011861757482,1.3388263200481292,22.0,4.0,1,1
83,4,p23,16.7436,10.9246,27.002,11.5923,1.235961427391648,1.3326875057050453,22.0,4.0,1,1
84,4,p24,15.2753,11.1372,27.0433,11.5496,1.2199466750641192,1.3508138123427682,25.0,4.0,1,1
85,4,p25,15.2352,9.9281,26.7767,10.8341,1.5904187153073874,1.6328283232783045,23.0,4.0,1,1
86,4,p26,15.1332,11.8452,27.0129,12.2268,1.2236269570420553,1.3423677852702114,25.0,4.0,1,1
87,4,p27,12.0959,9.8593,26.8342,10.9603,1.5785228854850348,1.6511011731090885,26.0,4.0,1,1
88,4,p28,13.8534,10.6329,26.3783,2.1068,1.738493704331425,1.8684667087519422,24.0,4.0,1,1
89,4,p29,10.4421,11.174000000000001,26.7178,12.9741,0.9223892995910132,1.2353485189100382,35.0,4.0,1,1
90,4,p30,9.5798,11.8832,26.6559,13.9771,1.032602789072352,1.247595562522358,36.0,4.0,1,1
91,4,p31,9.5783,12.411,26.6192,14.3722,0.9643357610293212,1.242370101779029,36.0,4.0,1,1
92,4,p32,11.7202,13.3809,26.7129,13.9397,1.8177311709931148,1.9756725936896378,23.0,4.0,1,1
93,4,p33,11.4291,14.2632,26.7309,14.4289,1.4650007303752444,1.8915188741099656,23.0,4.0,1,1
94,4,p34,11.5079,15.5616,26.6639,18.1403,1.6298076236169716,1.844994902778648,23.0,4.0,1,1
95,4,p35,11.4201,19.1795,26.7142,19.2525,1.4859141462412961,1.8801658940257007,26.0,4.0,1,1
96,4,p36,11.1906,19.6733,26.6009,19.7466,1.4634513350296279,1.8846551029706824,26.0,4.0,1,1
97,4,p37,8.0903,9.4295,26.8573,11.3998,1.3848908476843942,1.5497199107635757,32.0,4.0,1,1
98,4,p40,5.5389,12.0885,26.83,12.9402,1.202078366829717,1.4524176707774537,39.0,4.0,1,1
99,4,p43,5.5352,14.6515,26.8437,18.285,1.4317999336499494,1.8711797570255428,33.0,4.0,1,1
100,4,p44,5.2004,15.054,26.8699,18.8727,1.4319016900611576,1.9035192140881336,34.0,4.0,1,1
101,4,p45,4.5109,9.3694,26.5538,11.3439,1.4957803114093995,1.677764828521897,37.0,7.0,1,1
102,4,p46,4.7589999999999995,9.9068,26.5469,11.825999999999999,1.4051819882136263,1.732036599043433,37.0,7.0,1,1
103,4,p49,5.0321,10.0914,24.9535,11.7321,1.4657559312518575,1.8342128263501316,39.0,12.0,1,1
104,4,p50,4.7626,13.6371,21.3725,13.5133,1.415501275167211,1.6822447317668197,39.0,14.0,1,1
105,4,p51,5.0086,14.1877,21.5225,14.2226,1.4343104859130047,1.591499047610603,39.0,14.0,1,1
106,4,p52,4.8947,13.5056,20.2594,13.3602,1.3779760520415443,1.6564243185054641,39.0,16.0,1,1
107,4,p53,4.823,14.0111,20.1725,13.9749,1.4936336163865622,1.5879898795650618,39.0,16.0,1,1
108,4,p54,4.9135,7.0706,15.1489,7.2632,1.127139853789227,1.2986702469155131,39.0,17.0,1,1
109,4,p55,4.7828,8.347999999999999,18.2033,10.8694,1.3146400648086152,1.4621907745501928,39.0,17.0,1,1
110,4,p56,4.8329,9.4347,17.9371,11.6241,1.1751744466248404,1.4173806366321453,39.0,17.0,1,1
111,4,p57,4.8762,10.1813,17.849,12.1613,1.186511462228663,1.434821909369639,39.0,17.0,1,1
112,4,p58,4.7562,10.8208,17.5929,12.6105,1.3084350499738229,1.4048638530551838,39.0,17.0,1,1
113,4,p60,4.2368,6.5759,14.9538,7.8281,1.0441190209932965,1.4212017205301852,39.0,19.0,1,1
114,4,p61,4.4855,8.0053,16.7346,8.3791,1.3442238243685463,1.5817604215704713,39.0,19.0,1,1
115,4,p62,4.5456,9.1489,16.5013,9.7218,1.3138255021120575,1.538293676397112,39.0,19.0,1,1
116,4,p63,4.2647,11.0843,15.4488,11.6806,1.2009727474010392,1.3091303638370537,39.0,19.0,1,1
117,4,p64,4.405,11.5735,15.3733,12.2926,1.213093211587634,1.284114368024045,39.0,19.0,1,1
118,4,p65,5.1227,8.5722,16.0595,9.0495,1.3820224925810722,1.5595173031881322,39.0,21.0,1,1
119,4,p66,4.3148,11.7825,15.1174,13.1829,1.2840477639091157,1.4731399289624312,39.0,21.0,1,1
120,4,p67,4.8441,12.9035,17.1139,11.0324,1.4229301107222379,1.7271336925312333,39.0,21.0,1,1
121,4,p69,4.751,12.1816,14.8098,13.463,1.192280881336273,1.420066279411356,39.0,22.0,1,1
122,4,p70,4.3285,10.075,15.148,10.2574,1.3629855942012006,1.5113553915092277,39.0,22.0,1,1
123,4,p71,3.9704,7.885,13.789000000000001,8.4286,1.0956967691838833,1.3742865749937578,39.0,22.0,1,1
124,4,p72,4.106,5.9423,15.9145,6.127999999999999,1.4405632926046672,1.6746081805779993,39.0,22.0,1,1
125,4,p73,4.9152,8.9131,13.3064,8.9693,1.172507675881058,1.3208132372095134,39.0,24.0,1,1
126,4,p75,5.3729,9.86,13.8728,10.0389,1.3512865943240908,1.5086059462357875,39.0,26.0,1,1
127,4,p76,5.3329,10.3126,13.8121,10.4963,1.3718831036207129,1.509529136292108,39.0,26.0,1,1
128,4,p77,5.1364,11.3751,13.106,11.6954,1.1981503954011783,1.3829163534574738,39.0,26.0,1,1
129,4,p78,4.6246,12.4986,13.4559,13.1063,1.310673052290311,1.5556324242668755,39.0,26.0,1,1
130,4,p79,3.9728,5.8089,10.4361,4.7128,1.2038581519431597,1.4844230325057892,39.0,27.0,1,1
131,4,p80,4.6627,9.2495,12.3194,10.2154,1.2285932768821421,1.4922036003106256,39.0,27.0,1,1
132,5,v2,13.1074,4.688,5.004,17.3119,1.1884,1.429753696498498,25.0,1.0,2,1
133,5,p30,15.1153,12.1164,24.5677,13.2116,1.2714312447002396,1.4624263143189935,16.0,1.0,1,1
134,5,p31,13.8164,11.1918,24.5465,12.5832,1.289602458124208,1.4180514224900675,19.0,1.0,1,1
135,5,p32,14.1366,12.7301,24.5086,13.6313,1.183979543742205,1.3096075642835987,19.0,1.0,1,1
136,5,p33,13.6709,10.5727,24.4987,12.1675,1.371538880236357,1.4766901670523047,19.0,1.0,1,1
137,5,p34,13.3213,9.9396,24.4909,11.5966,1.86295146743011,1.7589496384650012,19.0,1.0,1,1
138,5,p35,14.0537,14.5982,24.3169,15.0855,1.3004793154833336,1.3862387228505122,19.0,1.0,1,1
139,5,p37,11.8966,13.9306,24.6007,15.0464,1.262586381203282,1.3891678466897732,23.0,1.0,1,1
140,5,p38,12.6835,16.1217,24.8005,16.7458,1.2551944749719066,1.359108079734161,21.0,1.0,1,1
141,5,p39,12.0123,15.1898,24.7749,14.4779,1.476513630143657,1.59328882690482,21.0,1.0,1,1
142,5,p40,10.8629,15.1603,24.5197,22.9285,1.3014266172166604,1.5513222175590708,24.0,1.0,1,1
143,5,p41,10.5773,13.4749,24.5906,14.8994,1.2525473723576286,1.3182944060116255,27.0,1.0,1,1
144,5,p42,10.6863,12.6619,24.8102,13.9948,1.0877129216847614,1.2556470342117576,27.0,1.0,1,1
145,5,p43,10.780999999999999,10.6885,24.4149,14.4173,2.209048324505374,2.1941146994722853,18.0,1.0,1,1
146,5,p44,9.6731,11.0353,24.6585,12.4403,1.3825079855103912,1.8391252347417721,23.0,1.0,1,1
147,5,p45,9.5915,11.5021,24.4737,13.0842,1.7039407882904853,1.7344463824672385,23.0,1.0,1,1
148,5,p46,10.1089,12.0764,24.3511,13.4393,1.5680034725726855,1.6543715646980244,22.0,1.0,1,1
149,5,p47,9.336,11.7947,24.4727,13.8078,1.2040868448745714,1.6340601782553554,23.0,1.0,1,1
150,5,p48,9.3753,13.5149,24.0195,13.4439,1.00220060367174,1.3319269897234032,27.0,1.0,1,1
151,5,p49,7.0433,12.5793,24.6044,21.6743,1.4875125713754491,1.8582898926046045,27.0,1.0,1,1
152,5,p50,8.2988,15.8489,24.7206,16.1622,1.4490045721114895,1.5680208503685504,25.0,1.0,1,1
153,5,p51,6.888999999999999,15.3969,24.4498,15.8399,1.9172688517784875,2.020737253231691,21.0,1.0,1,1
154,5,p53,4.3213,15.0117,22.1691,15.9834,1.4345399053355052,1.6795998559684373,27.0,2.0,1,1
155,5,p54,4.6506,15.5586,21.3721,17.1032,1.4161180070883923,1.6966294316929758,27.0,2.0,1,1
156,5,p56,4.4408,10.1191,16.8901,11.6496,1.400954931466391,1.5957116754644824,27.0,9.0,1,1
157,5,p57,4.4173,10.8956,16.8232,12.3663,1.3527020551474,1.5699568093929466,27.0,9.0,1,1
158,5,p58,4.74,15.171,15.298,12.6735,1.4614596299590352,1.5604071009474632,27.0,9.0,1,1
159,5,p60,5.1895,14.3802,15.1787,12.0865,1.4882835885677166,1.5642198697395586,27.0,11.0,1,1
160,5,p62,4.5091,10.7755,13.0262,11.2862,1.1846244510392312,1.3104570995436804,27.0,12.0,1,1
161,5,p64,4.7655,11.2626,13.1132,12.684000000000001,1.3172126100216321,1.6268274452598521,27.0,14.0,1,1
162,5,p65,4.9972,11.764000000000001,13.3046,12.1254,1.322130103280309,1.5111717685626442,27.0,14.0,1,1
163,6,v2,13.8167,4.8852,3.4629,18.2884,1.445,1.796489178503876,26.0,2.0,2,1
164,6,p25,12.2305,10.8069,26.6401,12.2913,1.5159943964276383,1.632383335334551,23.0,2.0,1,1
165,6,p26,12.1001,11.2414,26.8293,12.66,1.3918624393236567,1.5624870841042944,24.0,2.0,1,1
166,6,p27,11.7157,11.5623,26.8356,13.0436,1.4215505056099835,1.5384276642969914,25.0,2.0,1,1
167,6,p28,12.6783,11.9986,26.5815,13.2889,1.522151116019694,1.570366696724391,23.0,2.0,1,1
168,6,p29,11.7324,12.3293,26.7662,13.9454,1.4810069716243741,1.6129197395927823,24.0,2.0,1,1
169,6,p30,11.1627,13.0121,26.3564,14.6359,1.3742013134908582,1.5665928854425597,24.0,2.0,1,1
170,6,p31,11.2651,13.3541,26.7528,14.8585,1.3654094807053303,1.6007264333969373,24.0,2.0,1,1
171,6,p32,11.4507,15.9991,26.8718,16.8179,1.4482543871847928,1.576885426066476,24.0,2.0,1,1
172,6,p33,11.1472,16.5668,26.6212,17.4924,1.447738346525366,1.5956507572662286,24.0,2.0,1,1
173,6,p38,7.07,9.5856,22.0557,11.7352,1.3210921428878455,1.4554133239995994,27.0,2.0,1,1
174,6,p39,6.7765,9.9935,21.7859,12.1199,1.29330054125095,1.479407862937905,27.0,2.0,1,1
175,6,p40,6.0067,11.1626,19.8756,12.2073,1.3051240017714791,1.4010833694101472,27.0,2.0,1,1
176,6,p41,6.0244,11.8001,19.6891,12.7023,1.18294827021303,1.3415181972224688,27.0,2.0,1,1
177,6,p42,6.2031,12.2877,19.7606,13.2589,1.2368041397084664,1.3496368884155379,27.0,2.0,1,1
178,6,p43,6.6082,12.870999999999999,19.0055,14.418,1.184904055187592,1.302929433736828,27.0,2.0,1,1
179,6,p44,5.6825,12.7759,19.0742,13.5755,1.2214121867739818,1.3477547141519777,27.0,2.0,1,1
180,6,p45,5.2408,16.1488,16.9095,15.6435,1.3632083479791341,1.451482476859246,27.0,2.0,1,1
181,6,p46,4.9309,15.4342,16.5781,14.7276,1.1579524342562608,1.3903874491539536,27.0,2.0,1,1
182,6,p47,4.854,14.587,16.5213,14.0251,1.383247284472303,1.352842607954369,27.0,2.0,1,1
183,6,p48,4.555,13.4373,17.7614,14.468,1.2685888892781616,1.3722725092436965,27.0,2.0,1,1
184,6,p49,4.5379,12.6183,17.5606,13.8005,1.2067704711335954,1.2985807208484978,27.0,2.0,1,1
185,6,p50,4.3852,11.8377,17.3448,13.2778,1.2893030404059396,1.3475610156436961,27.0,2.0,1,1
186,6,p51,4.4339,11.3254,17.6708,12.7811,1.1781317795560902,1.327207824499375,27.0,2.0,1,1
187,6,p52,4.0558,9.9321,20.4267,11.8576,1.4128794180679396,1.5345438371829732,27.0,2.0,1,1
188,6,p53,4.3401,9.4376,19.6722,11.0479,1.3429187354415753,1.4632198494185513,27.0,3.0,1,1
189,6,p57,4.5397,11.2586,16.6539,12.2721,1.1078726461105535,1.3163230164792563,27.0,5.0,1,1
190,6,p59,4.1244,12.5717,15.3526,12.5976,1.139795003498436,1.274373643396513,27.0,6.0,1,1
191,7,v2,14.3656,4.667,6.5329999999999995,18.7526,1.3922,1.4753595918306004,31.0,2.0,2,1
192,7,p2,7.1714,8.286,22.1945,10.5566,1.06536925523501,1.2543780751206246,31.0,2.0,1,1
193,7,p3,7.2246,8.7013,22.0937,11.0475,1.0154221043487286,1.2523999006776414,31.0,2.0,1,1
194,7,p4,6.015,10.2209,20.6413,10.5249,1.112232480194676,1.2348446299252955,31.0,2.0,1,1
195,7,p5,5.9904,10.9412,20.6088,11.1156,1.0767171030498215,1.2271129399622236,31.0,2.0,1,1
196,7,p6,6.5573,12.7579,22.8269,13.902000000000001,1.6208914368334482,1.6959449487519311,31.0,2.0,1,1
197,7,p7,6.8088,13.9603,20.58,13.2375,1.2572030941737298,1.352415435172282,31.0,2.0,1,1
198,7,p8,6.9322,14.4431,20.5019,13.7239,1.2781015804700344,1.3816111545806,31.0,2.0,1,1
199,7,p9,5.3086,15.0864,18.9288,15.0433,1.2579239126433681,1.536462552459683,31.0,2.0,1,1
200,7,p10,8.3284,10.5981,22.3424,12.1992,1.0356999275852055,1.289353904031031,31.0,2.0,1,1
201,7,p11,12.0068,12.2127,27.6833,14.2964,1.4282201580988836,1.5133909388208227,27.0,2.0,1,1
202,7,p12,11.8999,12.8203,27.6588,15.0076,1.4671777158885695,1.5440387889727607,27.0,2.0,1,1
203,7,p13,11.5934,13.6746,27.304000000000002,13.7758,1.2008132785741503,1.3298521798639122,29.0,2.0,1,1
204,7,p14,11.7186,14.2161,27.3408,14.6186,1.312699302963173,1.3694739616445428,29.0,2.0,1,1
205,7,p69,4.3647,8.2324,25.1307,2.7994,1.4047296181116138,1.9368222162914446,31.0,2.0,1,1
206,7,p70,4.6583,11.3896,19.4577,11.8267,1.2362575176717834,1.4322392614301078,31.0,2.0,1,1
207,7,p71,4.5131,11.919,19.1985,12.4704,1.2222121297058053,1.3772606785306216,31.0,2.0,1,1
208,7,p72,4.7378,12.4522,19.2751,12.8619,1.257691317454327,1.36289656855183,31.0,2.0,1,1
209,7,p73,4.1787,9.4912,17.3499,9.8288,0.9541549612091318,1.1940256243909235,31.0,4.0,1,1
210,7,p74,4.1379,10.0858,17.265,10.3242,0.887833390901694,1.137744697867573,31.0,4.0,1,1
211,7,p75,4.285,10.5084,17.3295,11.0862,0.8749632277987459,1.1164378404441897,31.0,4.0,1,1
212,7,p76,5.1416,11.3505,17.7888,12.1323,1.2677888033895868,1.4149415149955669,31.0,6.0,1,1
213,7,p77,5.2047,11.833,17.5755,12.555,1.3042525062272259,1.3563751470305587,31.0,6.0,1,1
214,7,p78,4.4808,12.0901,16.805,12.864,1.27137334013263,1.3801932053753472,31.0,6.0,1,1
215,7,p79,4.5280000000000005,12.6278,16.7653,13.4707,1.281263407734725,1.3898822515921296,31.0,6.0,1,1
216,7,p80,4.811,14.2505,17.7981,13.6425,1.3406989856041511,1.4513571494495263,31.0,6.0,1,1
217,7,p81,5.2094,8.7986,19.6627,4.3389999999999995,1.4385103475470726,1.548860612025552,31.0,6.0,1,1
218,7,p82,4.6784,7.1261,19.6365,10.0679,1.2716534512201034,1.529230861346599,31.0,6.0,1,1
219,7,p83,3.8885,12.5449,16.021,13.784,1.3002401508952106,1.4138462727986376,31.0,7.0,1,1
220,7,p84,3.7991,13.1991,16.4775,14.5951,1.2701366934310654,1.461355790119602,31.0,7.0,1,1
221,7,p85,4.5422,9.0235,16.2318,9.6137,1.3646022021087318,1.534247257941407,31.0,11.0,1,1
222,7,p86,4.507,9.7881,16.2318,10.5554,1.470609591291992,1.5133034745440876,31.0,11.0,1,1
223,7,p87,4.5613,10.5237,16.0467,11.3058,1.4281874001684791,1.499121294424926,31.0,11.0,1,1
224,7,p88,4.5627,14.0195,14.6306,14.385,1.0629921213254594,1.3527799932472817,31.0,11.0,1,1
225,7,p89,4.4597,14.7278,14.7184,15.0451,1.199901700140474,1.365179897222963,31.0,11.0,1,1
226,7,p90,3.8495,11.3503,15.7965,11.9462,1.3537836053077315,1.4696014080948323,31.0,12.0,1,1
227,7,p91,3.9531,14.357000000000001,13.6577,14.0289,1.2982222999163127,1.396608057341861,31.0,12.0,1,1
228,7,p92,3.9094,14.8625,13.6281,14.7877,1.2456051742024838,1.352645520938712,31.0,12.0,1,1
229,7,p93,4.2213,15.4632,13.8513,15.2314,1.0979714021776708,1.297957825594516,31.0,12.0,1,1
230,7,p94,4.0906,9.6886,15.0184,9.4995,1.287015190275546,1.4481734558386055,31.0,14.0,1,1
231,7,p95,4.1321,10.4437,14.8632,10.141,1.3086366837285281,1.4711830522360874,31.0,14.0,1,1
232,7,p96,4.2375,10.9847,14.967,10.9076,1.3918889503117697,1.520351261871231,31.0,14.0,1,1
233,8,p0,9.4098,7.1993,20.3993,9.335,1.1339302315398423,1.2749465922098915,25.0,3.0,1,1
234,8,p1,9.3139,7.7799,20.0263,9.8781,1.0674264377464144,1.220973411425749,25.0,3.0,1,1
235,8,v2,14.5501,4.1917,16.7226,22.2934,1.5897,2.1875844289175728,21.0,3.0,2,1
236,8,p2,9.1742,8.3273,19.9239,10.2501,0.933209001242487,1.2081357579910628,25.0,3.0,1,1
237,8,p3,9.1234,9.2281,19.2243,10.605,1.0020801614641417,1.2125076206331284,25.0,3.0,1,1
238,8,p4,9.2134,9.8872,19.1748,11.2404,1.0169051332351509,1.206871893542975,25.0,3.0,1,1
239,8,p5,10.542,10.0495,20.2043,11.5456,0.911109570798156,1.2197387789486664,25.0,3.0,1,1
240,8,p6,7.9817,9.9639,18.6298,11.5815,0.9791392240126018,1.2142961779594834,25.0,3.0,1,1
241,8,p7,8.148,10.4485,18.8315,12.0205,0.9904300934442571,1.2001408549573047,25.0,3.0,1,1
242,8,p8,9.6825,11.4324,22.447,11.687999999999999,1.4815412009120774,1.7352457458317818,25.0,3.0,1,1
243,8,p9,15.1914,9.3109,25.7603,3.7803,1.4922666149183932,1.6816184974356005,25.0,3.0,1,1
244,8,p10,15.5278,10.2079,26.3071,4.3367,1.4446691524359478,1.5363628930936506,25.0,3.0,1,1
245,8,p11,15.4367,10.7891,26.5695,4.5786,1.2942318571260714,1.6119675181957225,25.0,3.0,1,1
246,8,p31,22.5424,10.249,14.0552,8.6007,0.8702012238557241,1.0432329358300396,25.0,3.0,1,1
247,8,p32,23.4286,9.6665,14.034,7.9158,0.979886039292325,1.0734956395527824,25.0,3.0,1,1
248,8,p52,5.3892,8.6517,18.0677,10.2047,1.2216070808570159,1.4305942317842155,25.0,3.0,1,1
249,8,p53,5.1592,9.603,17.6982,10.6775,1.3175072106064545,1.4030918929610343,25.0,3.0,1,1
250,8,p54,5.1082,10.7333,17.8213,11.4986,1.2696427607795826,1.3951650245979985,25.0,3.0,1,1
251,8,p55,5.5375,11.3154,18.4056,12.9581,1.4855484273493071,1.6047141078107494,25.0,6.0,1,1
252,8,p56,5.5691,12.2085,18.3347,13.6416,1.503692751196201,1.6074006246639483,25.0,6.0,1,1
253,8,p57,4.8517,13.2724,17.9008,14.7455,1.439938220896994,1.6248799978056365,25.0,6.0,1,1
254,9,p0,6.1866,9.7131,15.3343,10.0797,1.2994447814355177,1.4186946684540036,25.0,4.0,1,1
255,9,p1,6.3879,10.1175,15.0845,10.6407,1.3792865148329407,1.3769669573137775,25.0,4.0,1,1
256,9,v2,10.0218,17.7117,15.9477,3.4641,1.7499,1.9789604282012725,24.0,4.0,2,1
257,9,p2,6.5646,10.7344,15.0105,11.5776,1.3125248492885764,1.340402460941023,25.0,4.0,1,1
258,9,p3,8.3935,12.9139,17.1882,13.6089,1.605487900919842,1.5207921520367107,25.0,4.0,1,1
259,9,p4,9.0099,12.3979,16.6098,12.6161,1.2551832535530418,1.1982989434414193,25.0,4.0,1,1
260,9,p5,9.0162,11.5875,16.455,12.0248,1.2164587333732289,1.1999359726903356,25.0,4.0,1,1
261,9,p6,9.9219,10.1034,22.8902,10.597999999999999,1.2046470852494517,1.4890990798234343,25.0,4.0,1,1
262,9,p7,9.5681,9.3398,22.7399,10.1301,1.1673302960173697,1.4990515356037004,25.0,4.0,1,1
263,9,p25,4.9419,9.3338,16.2266,13.4778,1.5774838984915185,1.8134648419291894,25.0,5.0,1,1
264,9,p26,4.4057,10.173,15.3416,9.1996,1.3401890687511222,1.5555918715880006,25.0,5.0,1,1
265,9,p27,5.029,12.0583,13.585,11.6442,1.2030473348958468,1.2793828963443794,25.0,5.0,1,1
266,9,p28,6.1661,9.4808,13.2815,8.5994,1.3751995127980523,1.5479185366734156,25.0,13.0,1,1
267,10,v0,15.3485,5.2289,6.5957,15.4366,0.0022,0.01164448162428644,39.0,1.0,2,1
268,10,p0,8.5697,11.1311,21.7786,12.4718,1.2003368069004632,1.4242771458233072,22.0,1.0,1,1
269,10,p1,8.9304,12.0677,22.035,12.1699,1.2821752766295251,1.5779372590295933,20.0,1.0,1,1
270,10,p2,8.975,12.6276,21.5253,12.8003,1.2318705492055568,1.6198178775221486,19.0,1.0,1,1
271,10,p3,10.3582,12.2662,22.0945,11.9048,1.6177850444357555,1.7509694925988415,17.0,1.0,1,1
272,10,p4,10.5,11.0969,21.9575,11.578,1.0662807322651948,1.2509164376798962,22.0,1.0,1,1
273,10,p5,9.9096,10.0492,21.6643,10.595999999999998,1.2139203639448513,1.3857616490079514,21.0,1.0,1,1
274,10,p9,5.0476,11.4557,22.1104,13.1058,1.2372170747286024,1.5432470483264644,32.0,5.0,1,1
275,10,p10,4.3609,13.0119,17.5719,10.9082,1.2522013017083156,1.4358631264449162,39.0,17.0,1,1
276,10,p11,4.6962,10.3398,13.5108,10.8024,0.9159162079579113,1.1687599972914886,39.0,21.0,1,1
277,10,p12,4.7273,11.1707,13.539000000000001,11.3637,0.9982679099319981,1.1698804766754232,39.0,21.0,1,1
278,10,p15,5.4529,9.5951,12.3364,9.616,1.1170552179726838,1.2154190752417575,39.0,26.0,1,1
279,10,p16,5.4953,10.3872,12.3403,10.4071,1.101535460164583,1.220510060648823,39.0,26.0,1,1
280,11,v0,10.4272,17.6098,16.1279,3.6885,1.6996,2.320377789188032,21.0,6.0,2,1
281,11,p0,6.0469,12.0564,14.6135,13.2622,1.2631295143412649,1.5368989172861198,21.0,6.0,1,1
282,11,p1,10.0257,11.4462,16.39,14.6101,1.0288307635369385,1.4886130685498218,21.0,6.0,1,1
283,11,p2,9.4894,10.6935,16.4759,11.7056,1.8326263257958508,1.6661602252216265,21.0,6.0,1,1
284,11,p3,9.6821,9.8042,15.2494,8.9629,1.3302962226511807,1.3819842666813376,21.0,6.0,1,1
285,11,p5,12.7389,10.3955,15.0831,10.8016,0.3122250790695712,0.6518255328320555,21.0,6.0,1,1
286,11,p6,13.0497,10.0819,14.9387,10.289000000000001,0.2440612423143011,0.6007219778105757,21.0,6.0,1,1
287,11,p7,13.6525,9.5469,14.9339,9.8485,0.14397673423161117,0.5953695551053811,21.0,6.0,1,1
288,11,p20,5.8660000000000005,9.137,12.9028,8.937999999999999,1.2435175310384652,1.343384998945392,21.0,9.0,1,1
289,11,p21,5.7017,9.5957,12.7834,9.4887,1.2631463968994252,1.3865521055834764,21.0,9.0,1,1
290,11,p22,5.8816,10.3443,13.1031,10.0339,1.2820020982822142,1.3982869478204871,21.0,9.0,1,1
291,12,v0,14.7553,4.4937,16.64,18.5285,2.5521,2.6856921649366887,15.0,4.0,2,1
292,12,p2,7.585,11.2647,15.0188,11.6245,1.2546467311558263,1.6234388900880412,15.0,4.0,1,1
293,12,p3,7.6298,11.7037,15.0189,12.1296,1.3397341266087088,1.5983561039444378,15.0,4.0,1,1
294,12,p4,7.6141,12.9177,15.2987,12.8871,1.3622143480377822,1.6343018181723716,15.0,4.0,1,1
295,13,v0,13.7322,4.8116,7.1323,17.7731,2.1383,2.231981866488146,15.0,1.0,2,1
296,13,p0,6.5324,14.9539,13.085,12.7429,1.2125880174238899,1.3613638805297665,15.0,1.0,1,1
297,13,p1,10.041,10.9408,14.3277,10.3981,0.29530711132649684,1.075661690598527,15.0,1.0,1,1
298,13,p2,10.1806,11.7068,14.2385,11.1114,0.0419697510118895,1.1435198893088134,15.0,1.0,1,1
299,13,p6,18.0429,8.4041,10.0936,8.4306,0.6362985541394857,1.4888452217431796,15.0,1.0,1,1
300,14,v0,13.025,5.3871,5.2283,13.9656,3.312,3.351021062061786,11.0,4.0,2,1
301,14,p6,10.0159,6.4712,14.8922,9.0577,0.8741497354572615,1.5619019125641096,13.0,4.0,1,1
302,14,p7,8.7093,8.1559,13.6368,8.83,0.5137803908286107,1.4992386250818688,13.0,4.0,1,1
303,14,p8,6.8474,7.7058,11.7643,7.4939,1.1149931658983385,1.3971364586400339,13.0,4.0,1,1
304,14,p9,6.7831,8.3184,11.7162,8.2146,0.9972781557820266,1.3889455085604168,13.0,4.0,1,1
305,14,p10,4.6781,9.8114,11.1578,9.924,1.4931720630925294,1.625104444969408,13.0,4.0,1,1
306,15,v0,16.1094,21.9508,13.5659,5.1966,1.4509999999999998,1.9877705908048942,19.0,1.0,2,1
307,15,p0,5.3107,10.5155,15.6215,14.0442,1.3271289500270875,1.5361527482548294,19.0,1.0,1,1
308,15,p1,11.4974,11.5276,22.5037,11.4625,1.3102480070582059,1.4133098827302304,19.0,1.0,1,1
309,15,p2,14.1253,10.1292,22.5897,11.6285,1.1054543183686967,1.4194239660160093,15.0,1.0,1,1
310,15,p4,14.8367,11.6241,22.3177,13.1841,1.6124729734169192,1.7627493103088216,11.0,1.0,1,1
311,15,p5,15.6779,9.8412,17.3648,10.1034,0.5893429986009845,0.5089682693915405,19.0,1.0,1,1
312,15,p6,15.6961,10.2588,17.9649,10.6141,0.34307247047817757,0.4686790900579036,19.0,1.0,1,1
313,15,p7,16.2881,10.4378,18.4342,10.0121,0.49622423358800205,0.5313100518357942,19.0,1.0,1,1
314,15,p18,22.1984,8.2034,15.853,8.5057,1.2831234702864724,1.3409228604016656,19.0,7.0,1,1
315,16,v0,12.5208,6.0169,5.305,15.6308,2.1866,2.2783739505252854,15.0,4.0,2,1
316,16,p1,8.6823,9.7621,15.2748,8.8837,1.1137675251146444,1.5619916053931564,15.0,4.0,1,1
317,17,v0,11.937999999999999,12.6925,5.1141,13.6898,3.4482,3.5055119656243585,5.0,1.0,2,1
318,17,v1,19.7625,12.5294,5.3702,14.7519,3.6407,3.8498249803493434,9.0,1.0,2,1
319,17,p20,11.5875,10.4184,12.4297,17.3402,0.5502431826020201,1.5230238506404823,13.0,1.0,1,1
320,17,p21,12.3194,10.0852,13.334000000000001,17.3532,0.8369100369812755,1.6115989878712802,13.0,1.0,1,1
321,17,p22,13.772,9.474,14.9478,18.5084,0.7357519486892303,1.997771934555371,13.0,1.0,1,1
322,17,p23,11.1087,8.4496,11.084000000000001,17.5261,0.8260840453610032,2.0410926510164997,13.0,1.0,1,1
323,17,p24,8.9973,8.4336,9.2076,15.5272,0.4859164640141348,1.643187909391354,13.0,1.0,1,1
324,17,p25,10.9602,7.2455,11.3453,15.0781,1.1020443230650934,1.5600658005233838,13.0,1.0,1,1
325,17,p26,11.5584,7.3957,11.7849,15.3661,1.1025850534085795,1.6093356955232476,13.0,1.0,1,1
326,17,p27,12.6839,3.6401,11.9766,13.3934,1.6561334487292985,1.8115678602553345,13.0,1.0,1,1
327,17,p28,13.1946,3.7915,12.4469,13.8688,1.5804347914418992,1.9036072245814417,13.0,1.0,1,1
328,17,p29,14.1158,5.2322,14.2222,14.825,1.5493156295603554,1.8863920972382624,13.0,1.0,1,1
329,17,p30,14.7593,4.9478,14.818,14.7224,1.5149232719844261,1.8686550144537968,13.0,1.0,1,1
330,17,p31,15.556,5.1211,15.4158,14.8614,1.5617779131489855,1.7906399276776246,13.0,1.0,1,1
331,18,v0,19.3495,7.7345,6.1504,17.2766,4.0718,4.129574828731654,15.0,7.0,2,1
332,18,p0,12.0711,7.635,11.6034,14.8992,1.3733520815872382,1.6665500231201196,17.0,7.0,1,1
333,18,p1,12.7993,7.8146,12.3202,15.0962,1.420984180066759,1.66616162456501,17.0,7.0,1,1
334,18,p2,14.6603,8.3083,14.8548,16.3327,1.5417084062818105,1.8597649578763324,17.0,7.0,1,1
335,18,p3,13.9094,8.6542,13.2144,16.3653,1.0959873448174482,1.9932463021220752,17.0,7.0,1,1
336,18,p4,12.44,9.9105,10.5686,16.0117,1.6006509457092761,1.7077975444846847,17.0,7.0,1,1
337,18,p5,11.7814,9.2624,10.0393,15.5821,1.2559802864694969,1.77481726391102,17.0,7.0,1,1
338,18,p6,11.2936,8.7823,9.6695,14.0284,1.246259142393748,1.3995715728805689,17.0,7.0,1,1
339,18,p7,10.6774,8.9767,9.0955,14.2689,1.235349059982643,1.414862316500073,17.0,7.0,1,1
340,18,p8,10.3938,7.8307,8.9221,13.1289,1.2561305983057653,1.4126465754100397,17.0,7.0,1,1
341,18,p35,13.9565,6.3998,13.3717,13.9713,1.5957049382639636,1.813489302532296,17.0,7.0,1,1
342,18,p38,10.8371,6.4987,10.584000000000001,12.6809,1.3103192359116156,1.503111731816047,17.0,7.0,1,1
343,18,p39,7.1553,13.2527,14.2327,12.2566,1.3521175429673264,2.033799320599755,17.0,7.0,1,1
344,19,v0,24.1571,12.7398,29.0721,29.8268,2.7244,2.5992350845622236,20.0,5.0,2,1
345,19,p84,33.5257,19.8127,29.4303,31.8222,0.9717879038144074,1.38937074517685,27.0,5.0,1,1
346,19,p85,33.9704,19.6306,30.0045,31.7872,1.0495727988091155,1.43279949437966,27.0,5.0,1,1
347,19,p86,33.961,20.3569,30.3537,32.1122,0.981434954543601,1.3855226612298783,27.0,5.0,1,1
348,19,p87,35.0501,19.8693,31.1581,31.6776,1.182614666744836,1.4021297781733537,26.0,5.0,1,1
349,19,p88,34.2971,18.467,25.9963,31.6868,1.389028696607813,1.6492900250969085,30.0,5.0,1,1
350,19,p89,33.8909,18.2351,25.2788,32.1963,1.224578327425404,1.6511070917823458,31.0,5.0,1,1
351,19,p90,33.4245,17.9712,24.8188,31.9598,1.4046307699890388,1.664459350410973,31.0,5.0,1,1
352,19,p91,36.1755,18.4501,28.3986,32.0757,1.2530191259513959,1.4625455373946132,31.0,5.0,1,1
353,19,p92,36.7,18.8994,29.4041,31.9534,1.2940084427854404,1.4433723324386167,30.0,5.0,1,1
354,19,p95,36.6025,16.5274,32.7157,31.7583,1.5361357785039707,1.627364027975564,29.0,5.0,1,1
355,19,p96,36.0872,16.0694,31.9043,31.549,1.4718994327059167,1.6261102249202164,29.0,5.0,1,1
356,19,p97,35.4378,15.9487,31.2993,31.785999999999998,1.405333501344076,1.6559511788485577,29.0,5.0,1,1
357,19,p98,34.5665,16.1497,28.7646,31.5659,1.8232729088098687,1.9968496001854372,26.0,5.0,1,1
358,19,p99,33.9872,16.1733,28.3312,31.8184,1.7760023704939134,1.972111258201613,26.0,5.0,1,1
359,19,p100,33.5442,15.5988,27.5903,32.1464,1.3139620276096262,1.569762654374521,33.0,5.0,1,1
360,19,p101,32.945,15.2692,27.0698,31.8474,1.3098336726470272,1.560377679604098,33.0,5.0,1,1
361,19,p102,32.0316,15.1651,25.9278,32.2455,1.4125688160227805,1.561491793256173,34.0,5.0,1,1
362,19,p107,33.3066,13.8911,20.9105,32.0727,1.4182068255370934,1.6987619694245892,34.0,5.0,1,1
363,19,p108,33.1121,12.1878,23.9735,32.0353,1.341743198231316,1.5961616883271097,37.0,5.0,1,1
364,19,p109,33.6559,12.2705,24.5273,32.2041,1.400412185751038,1.5976473687435242,37.0,5.0,1,1
365,20,v2,20.8149,8.0791,6.502000000000001,24.5654,0.0514,1.648900066184511,90.0,38.0,2,1
366,20,v3,26.0909,13.3335,4.5383,17.7129,2.2683,2.4435692362029124,61.0,38.0,2,1
367,20,v4,20.7431,3.6401,5.3373,18.9763,0.1109,2.230462658395399,82.0,54.0,2,1
368,20,p63,15.0578,4.1767,14.4238,2.451,0.08094689617273783,0.7844530958848157,50.0,38.0,1,1
369,20,p183,13.5395,16.4536,13.3705,31.6967,1.3381418534669633,1.6414461644995346,59.0,38.0,1,1
370,20,p184,12.8872,16.5479,12.4439,31.7323,1.4080149146937329,1.6258121256474942,59.0,38.0,1,1
371,20,p186,7.5179,14.6143,4.4751,26.3475,1.4081810856562447,1.5769931358815161,55.0,38.0,1,1
372,20,p195,13.697000000000001,14.2469,13.3061,32.2348,1.3537471846692792,1.6430984685998387,63.0,38.0,1,1
373,20,p196,12.9806,14.1661,12.6158,31.462,1.3670128346142183,1.7087243577055384,62.0,38.0,1,1
374,20,p197,9.593,14.5786,5.0608,31.6552,1.4491183112499821,1.7549984303950796,61.0,38.0,1,1
375,20,p198,13.5177,12.4353,12.4297,32.1974,1.4303910584172426,1.6386976326999358,66.0,38.0,1,1
376,20,p199,12.8174,12.387,11.2863,31.8796,1.2468837515983597,1.62418633037509,66.0,38.0,1,1
377,20,p200,12.5967,12.0149,10.9319,31.6472,1.3842618249449776,1.612331825391337,66.0,38.0,1,1
378,20,p201,11.7815,12.1865,10.2506,31.9199,1.2878448237268338,1.6406808134394417,66.0,38.0,1,1
379,20,p202,9.7998,11.4344,6.5849,32.2036,1.3631195178706819,1.6163755250876652,68.0,38.0,1,1
380,20,p203,9.035,11.799000000000001,5.7802,31.7742,1.487118152669787,1.6331533326141436,67.0,38.0,1,1
381,20,p213,13.8807,9.1869,11.6801,32.0121,1.4393475535811355,1.7031519600241118,76.0,38.0,1,1
382,20,p214,12.9428,9.0481,10.855,31.928,1.4529180706426637,1.7212784822987302,76.0,38.0,1,1
383,20,p216,12.6715,8.1003,9.5882,31.6293,1.6358732041328876,1.7433532670089467,78.0,38.0,1,1
384,20,p217,11.6682,8.0752,8.93,31.6638,1.5971047335725983,1.7079210450932063,78.0,38.0,1,1
385,20,p218,12.9062,6.4269,12.1429,32.2085,1.4487017360381675,1.8027216369259547,74.0,38.0,1,1
386,20,p219,13.4693,6.3305,13.148,31.4833,1.502551117266897,1.786922221116458,73.0,38.0,1,1
387,20,p220,14.3883,6.2967,14.213,31.8428,1.6784381102679955,1.8241395909359164,73.0,38.0,1,1
388,20,p221,11.3272,5.7482,5.7047,31.785999999999998,1.4224982425296702,1.767938258766461,81.0,38.0,1,1
389,20,p222,10.6847,5.6567,5.1324,31.8658,1.3595399405681319,1.7701669336358765,81.0,38.0,1,1
390,20,p223,10.5091,7.0181,4.4419,16.3535,1.471027752967292,1.8058919240068647,54.0,38.0,1,1
391,20,p224,9.8232,6.9092,4.4331,16.547,1.4160250880545866,1.6849875851360663,53.0,38.0,1,1
392,20,p227,14.1548,3.8854,14.2918,31.7252,1.5513757314074499,1.8487838153849614,76.0,38.0,1,1
393,20,p228,13.6064,4.1845,13.4371,31.8471,1.4267498764674906,1.8482239706837564,76.0,38.0,1,1
394,20,p229,13.1959,4.3915,12.8364,31.8348,1.4051833652587837,1.817323029167534,76.0,38.0,1,1
395,20,p230,11.0704,3.9386,4.3814,26.951,1.3278204773236477,1.8408093032354618,74.0,38.0,1,1
396,20,p231,10.3719,3.9615,4.3584,27.4055,2.14235768488831,3.08963036628067,59.0,38.0,1,1
397,20,p234,13.8668,3.8101,12.1408,31.6057,1.350908324054597,1.694938073738459,81.0,41.0,1,1
398,20,p235,13.3382,3.7177,11.4539,31.9709,1.2742221548850892,1.669444966770123,82.0,41.0,1,1
399,20,p236,12.255999999999998,3.7683,10.7416,31.9207,1.3101817278530485,1.7295524141977592,80.0,41.0,1,1
400,20,p237,11.5657,3.5331,10.0545,31.5724,1.3989936990565754,1.7450658215315662,80.0,41.0,1,1
401,20,p238,14.3237,4.6483,13.3802,32.1544,1.243044524544475,1.9200564976814345,79.0,44.0,1,1
402,20,p239,13.6523,4.6039,12.5878,32.0934,1.1787858499320392,1.9444297443416012,79.0,44.0,1,1
403,20,p240,12.5233,4.4582,10.5216,31.5125,1.3632075593980546,1.6911493392209316,82.0,44.0,1,1
404,20,p241,11.9139,4.5387,9.9075,31.6726,1.3178287787114076,1.7106814951983387,82.0,44.0,1,1
405,20,p242,10.8142,4.5252,9.8281,31.4093,1.9266246391033204,2.1408030353786236,74.0,44.0,1,1
406,20,p243,10.8198,3.2781,6.7013,32.0222,1.503114872523055,1.8212063109815655,83.0,44.0,1,1
407,20,p244,13.1349,3.8504,6.104,31.8834,1.7765954660529786,2.607409593096513,71.0,44.0,1,1
408,20,p245,13.8051,3.2334,16.0782,31.4774,1.461998840628815,2.16365365543383,77.0,44.0,1,1
409,20,p246,14.4387,3.4434,16.9929,31.5871,1.237903942153833,2.121363084624019,77.0,44.0,1,1
410,20,p252,12.6968,4.8173,13.3796,31.4173,1.609718351140969,1.8881903056946696,81.0,47.0,1,1
411,20,p253,10.9374,4.1477,5.1245,31.7877,1.522176579769903,1.8265531233821977,85.0,47.0,1,1
412,20,p254,13.5306,3.6306,12.4695,31.976999999999997,1.5746691335007492,1.8624029596389091,83.0,47.0,1,1
413,20,p255,12.697000000000001,3.0780000000000003,10.4891,31.9081,1.514647024887317,1.5843497065815162,89.0,47.0,1,1
414,20,p256,11.9242,3.0073,9.4465,31.8615,1.3598212713441424,1.5659113774068512,89.0,47.0,1,1
415,20,p260,13.8124,5.0811,13.3347,32.1149,1.5534878242200676,1.8230853307614718,85.0,51.0,1,1
416,20,p261,13.259,4.993,12.8324,32.0368,1.5868532698394016,1.7949515743339517,85.0,51.0,1,1
417,20,p262,12.7633,4.8961,12.3369,31.8948,1.625578721563493,1.7981826274705863,85.0,51.0,1,1
418,20,p263,12.0274,3.6342,7.4824,31.9134,1.2589666635777137,1.6341391842655524,93.0,51.0,1,1
419,20,p264,11.0185,3.8222,6.891,31.5974,1.3576120543071206,1.5767280199582934,92.0,51.0,1,1
420,20,p268,13.4385,3.1408,12.1209,31.8219,1.4693258896514414,1.831132428784305,92.0,54.0,1,1
421,20,p269,11.3301,3.7855,7.2811,31.4945,1.391321479745066,1.905029124154347,89.0,54.0,1,1
422,20,p270,9.7799,7.095,7.4684,32.1003,2.9346124037085373,2.9206205219482984,79.0,57.0,1,1
423,20,p271,12.6769,4.4379,12.5517,31.4283,1.136743577065646,1.8841525923403442,92.0,57.0,1,1
424,20,p272,14.2063,3.6788,13.3998,32.177,1.165401098334818,1.898836707019986,93.0,57.0,1,1
425,20,p279,12.8916,4.9609,9.2605,31.8394,1.7653849693480457,2.0166664438342297,92.0,61.0,1,1
426,20,p289,14.017999999999999,4.0958,14.8706,31.8362,1.480138010457133,2.287890547377012,97.0,64.0,1,1
427,20,p290,11.1134,3.4121,4.4705,32.2579,1.4314423390412903,1.7141590362954073,107.0,64.0,1,1
428,20,p291,10.5043,3.1432,4.5424,27.5794,1.2771802143785347,1.7003577308860984,101.0,64.0,1,1
429,20,p292,10.4734,4.1776,4.3495,27.8949,1.3642009419436714,1.6478448474475291,101.0,64.0,1,1
430,20,p296,10.9973,3.8561,8.8026,31.969,1.389338148184235,1.8189696276140244,105.0,67.0,1,1
431,20,p298,12.16,4.6083,10.7189,31.8656,1.4608180311044905,1.7652130564965585,107.0,67.0,1,1
432,20,p299,12.8159,3.9082,11.3342,32.0368,1.4148622724491597,1.8899489423988847,106.0,67.0,1,1
433,20,p300,13.0927,4.6429,11.3935,31.631999999999998,1.3243984483530626,1.7285850797755529,107.0,67.0,1,1
434,20,p301,13.533,3.6196,12.0712,31.7844,1.36229829699666,1.7843485272601698,107.0,67.0,1,1
435,20,p302,14.4145,3.6668,13.8308,32.2527,1.895147751495909,2.068174675040065,105.0,67.0,1,1
436,20,p303,11.8993,2.7942,7.545,31.3829,1.6223848156340712,2.115751664542873,101.0,67.0,1,1
437,20,p307,10.9259,3.5249,10.1403,32.0366,1.2032589912400404,1.5446566163217588,114.0,71.0,1,1
438,20,p308,11.3987,3.4939,10.5702,31.9915,1.2203956407657313,1.5362356820281615,114.0,71.0,1,1
439,20,p309,11.8168,3.4816,11.0441,32.0742,1.2942499488120522,1.530999646656115,114.0,71.0,1,1
440,20,p310,12.332,3.6023,11.6633,32.0081,1.3261384920135604,1.600214386760281,114.0,71.0,1,1
441,21,v5,40.9414,10.4447,5.3755,16.7772,0.951,2.1004711055395853,125.0,81.0,2,1
442,21,p293,31.3281,13.2461,22.9013,32.0246,1.3506388895630097,1.689528748525333,110.0,81.0,1,1
443,21,p294,32.0747,13.4017,23.5716,31.7758,1.3936764079225852,1.588210869097729,110.0,81.0,1,1
444,21,p295,32.6819,13.8075,24.1614,32.0468,1.3600263306274625,1.5780518738902471,110.0,81.0,1,1
445,21,p304,30.5516,14.1991,25.4894,31.8909,1.68698167447071,2.014345651432255,102.0,81.0,1,1
446,21,p305,33.2521,10.4229,22.7012,31.6594,1.5078567106989975,1.7491705135503477,115.0,81.0,1,1
447,21,p311,30.3542,11.1834,19.8955,32.1297,1.4968102251120547,1.8891713189292305,111.0,81.0,1,1
448,21,p312,30.7835,11.6521,20.9518,31.9517,1.5518239623101584,1.906905725306891,110.0,81.0,1,1
449,21,p313,33.0318,9.44,23.4914,31.6474,1.3265430298335594,1.6867772188414463,115.0,81.0,1,1
450,21,p314,33.4202,9.6494,24.1532,32.0677,1.2062833249282692,1.6938701045316265,115.0,81.0,1,1
451,21,p315,35.1903,10.4096,31.8463,31.5296,1.4202546954683868,1.6919427159515013,110.0,81.0,1,1
452,21,p316,34.9305,12.2259,25.6132,32.2392,1.394096413452097,1.6835205873290122,112.0,81.0,1,1
453,21,p317,35.3414,12.4334,26.1139,32.2181,1.3897260053694038,1.682725674351841,112.0,81.0,1,1
454,21,p318,30.1041,10.1143,20.5687,32.2741,1.658226504431768,1.8474601089866034,112.0,81.0,1,1
455,21,p328,32.4517,8.2611,19.0099,32.2105,1.4855704796474651,1.8801639380649782,115.0,81.0,1,1
456,21,p329,31.9177,7.8813,18.6617,31.7805,1.3785924706018093,1.870671834479196,115.0,81.0,1,1
457,21,p330,30.3219,8.6578,20.1653,32.0497,1.6648825123713684,1.8571413272190609,113.0,81.0,1,1
458,21,p331,34.2871,8.5853,29.451999999999998,31.5998,1.7479927059344385,2.003131983696524,109.0,81.0,1,1
459,21,p332,34.9461,8.6984,30.3208,31.8322,1.6946292131318874,1.9840251338331196,109.0,81.0,1,1
460,21,p333,36.1226,8.9892,30.5592,31.615,1.4237861812786357,1.6930688048156357,113.0,81.0,1,1
461,21,p342,35.6601,7.4697,27.8952,32.0198,1.6420973174571596,1.8783066735133365,112.0,81.0,1,1
462,21,p343,35.8785,5.9296,32.8005,31.8732,1.5690483294022528,1.9457771617749617,112.0,81.0,1,1
463,21,p344,37.8697,4.4848,25.846999999999998,32.1296,1.224671792767352,2.109141153101241,127.0,81.0,1,1
464,21,p345,38.3417,4.6051,26.7611,31.7387,1.2903392305901575,2.0478867668343783,127.0,81.0,1,1
465,21,p348,35.8228,3.4948,24.2391,30.9879,1.4908105479905889,1.9156138174900028,129.0,81.0,1,1
466,21,p349,36.6224,3.1015,24.9825,29.0232,1.5384772211508364,1.8165771610855586,129.0,81.0,1,1
467,21,p350,37.0975,3.4809,25.7356,29.4911,1.5596485020670523,1.8383088184202698,129.0,81.0,1,1
468,21,p351,40.1594,3.492,21.7716,26.0796,1.1662085276656142,1.7339809634071832,129.0,81.0,1,1
469,21,p358,34.1162,3.7430000000000003,20.0184,31.6886,1.7055178216600377,1.9535233273783283,123.0,84.0,1,1
470,21,p359,34.5585,4.1544,20.5286,32.1659,1.7630624180669272,2.0450570782610598,123.0,84.0,1,1
471,21,p360,37.3024,4.376,20.6435,31.6644,1.570917964121615,2.278231096066718,120.0,84.0,1,1
472,21,p372,34.154,3.8571,16.8224,31.975,1.7748168722434436,2.0516361406838883,127.0,87.0,1,1
473,21,p373,35.9076,2.5701,18.7976,25.0761,1.5490550990846002,1.8474485629659922,129.0,87.0,1,1
474,21,p379,35.3543,4.9477,25.5143,30.8999,1.4514703855056776,1.8521716541082422,129.0,91.0,1,1
475,21,p380,36.1248,2.8771,20.979,28.6886,1.3849059498752976,1.96432220162313,129.0,91.0,1,1
476,21,p388,35.5101,4.2328,21.8606,28.5639,1.5861171488890724,1.9819097530405345,129.0,94.0,1,1
477,21,p389,38.1083,4.2295,27.0069,24.8339,1.2488834092900747,1.5468658267578783,129.0,94.0,1,1
478,21,p390,38.0382,3.3976,26.6901,23.964000000000002,1.2672331513971689,1.564193352878666,129.0,94.0,1,1
479,21,p391,35.7809,2.99,23.0693,30.0485,1.5622779266186924,2.1303772276268846,129.0,94.0,1,1
480,21,p394,36.6364,4.3796,25.7477,23.7464,1.2743318327657047,1.6678427107537002,129.0,97.0,1,1
481,22,v0,29.9863,10.707,5.5127,16.867,3.7988,3.5196376250675057,33.0,14.0,2,1
482,22,p0,20.8487,11.0375,19.9918,26.2778,1.467876977133983,1.7257740113966862,34.0,14.0,1,1
483,22,p1,20.6545,12.7151,19.6602,26.2047,1.679566521457248,1.848123716658766,30.0,14.0,1,1
484,22,p2,15.9966,10.8576,12.4447,25.2933,1.346251633239492,1.6230247069754125,35.0,14.0,1,1
485,22,p3,16.5942,11.0567,12.9968,25.5591,1.3889126682408797,1.6221409190796106,35.0,14.0,1,1
486,22,p4,19.7027,13.0765,18.4716,26.1632,1.556083834502499,1.744472985746147,31.0,14.0,1,1
487,22,p7,18.2193,14.5537,17.741,26.2475,1.605885985990288,1.7845557155442653,29.0,14.0,1,1
488,22,p8,18.8671,14.7231,18.3827,26.2613,1.5633474629780804,1.8032974575335394,29.0,14.0,1,1
489,22,p9,17.6673,12.8785,14.5344,25.504,1.153731415884997,1.4517163419791068,35.0,14.0,1,1
490,22,p10,17.2025,12.6882,14.0408,25.3425,1.1484473779847295,1.4054730480622122,35.0,14.0,1,1
491,22,p11,14.4323,13.3857,11.7445,26.1282,1.5895328873603087,1.7229465859674935,31.0,14.0,1,1
492,22,p12,15.1179,13.4467,12.5137,26.3461,1.6865492729238598,1.7838075687980117,31.0,14.0,1,1
493,22,p13,15.6969,14.1251,13.1028,26.3985,1.3123691591926412,1.4980858908971335,33.0,14.0,1,1
494,22,p14,16.1213,14.5149,13.6158,26.1008,1.3036026465146502,1.4783621729835887,32.0,14.0,1,1
495,22,p15,14.4675,11.9132,10.6202,23.0281,1.1321492525281285,1.2955830055593258,35.0,14.0,1,1
496,22,p93,11.545,9.0708,24.9936,4.7985,1.2749377435780935,1.6146073438858153,35.0,14.0,1,1
497,22,p94,12.0396,9.8078,25.1289,5.5386,1.3393736483894252,1.7711797205206992,35.0,14.0,1,1
498,22,p95,15.8995,8.5228,14.0252,22.0993,1.2498262159196374,1.5286422976218403,35.0,14.0,1,1
499,22,p96,16.6026,8.8075,14.3488,22.5503,1.211049668675897,1.4850341021703986,35.0,14.0,1,1
500,22,p97,17.6076,10.4573,16.1939,26.2728,1.6406348649227225,1.8402926296318403,34.0,14.0,1,1
501,22,p98,21.3331,9.6068,18.9683,26.0233,1.3877017871286323,1.945411926246361,34.0,14.0,1,1
502,22,p102,20.1164,8.9858,17.5432,26.2655,1.667626759799686,2.306283289386095,35.0,14.0,1,1
503,22,p103,15.4358,8.0191,7.3485,23.6814,1.711021648022023,2.10136073229787,35.0,14.0,1,1
504,22,p104,15.1409,7.4805,8.1535,23.798000000000002,1.452041852013915,1.9903598250095131,35.0,14.0,1,1
505,22,p105,20.6732,6.9719,20.2572,16.0653,1.525140796779104,1.5175385517325946,35.0,14.0,1,1
506,22,p108,16.8892,4.7139,14.9134,15.3717,1.29651132274269,1.4014136591152944,35.0,14.0,1,1
507,22,p109,18.1589,4.4274,16.1658,15.9323,1.3664544083137207,1.571912363609365,35.0,14.0,1,1
508,22,p110,18.6615,4.1896,16.8643,15.8628,1.3473789073605091,1.6153680858774704,35.0,14.0,1,1
509,22,p111,19.2702,4.4883,17.6067,16.063,1.3255541935356698,1.5701715024127911,35.0,14.0,1,1
510,22,p112,20.0251,4.5042,19.2876,17.3637,1.5472885994538963,1.7891492859690326,35.0,14.0,1,1
511,22,p113,20.5673,4.4842,19.9626,17.3486,1.5834982854427093,1.8612912947168485,35.0,14.0,1,1
512,22,p114,16.975,3.8231,13.0299,14.4908,1.4431057792137068,1.576526622753962,35.0,16.0,1,1
513,22,p115,17.8911,4.0237,13.5983,14.4767,1.3059101653636058,1.5590959711820174,35.0,16.0,1,1
514,22,p116,18.6996,3.9559,14.2917,14.6113,1.3270616036944178,1.6168064463472223,35.0,16.0,1,1
515,22,p117,20.4086,4.6071,19.1722,16.1061,1.4080705983721131,1.7096986343552254,35.0,16.0,1,1
516,22,p118,20.869,4.6648,19.6275,16.0709,1.29410640984426,1.6633400041529662,35.0,16.0,1,1
517,22,p120,17.5945,2.7872,14.1497,13.2661,1.3665297435475017,1.5890996940994653,35.0,18.0,1,1
518,22,p121,19.2368,4.2036,15.8915,13.4473,1.3749829962584992,1.4981912461237914,35.0,18.0,1,1
519,22,p122,19.705,4.4035,16.3314,13.4164,1.2807712715391457,1.4672004769099372,35.0,18.0,1,1
520,22,p123,19.4347,3.0725,20.55,14.9005,1.4271080022198739,1.6408875937788503,35.0,18.0,1,1
521,22,p124,20.1011,3.3295,21.2296,15.0927,1.3616898398680957,1.590869027295576,35.0,18.0,1,1
522,22,p125,20.6836,3.3212,21.7931,15.1323,1.4128377861594728,1.606873690739842,35.0,18.0,1,1
523,22,p126,17.9697,4.2956,18.0564,14.7586,1.6859071208106335,1.8407633862557922,35.0,21.0,1,1
524,22,p127,18.433,4.4979,18.5521,14.8629,1.6334796754168692,1.7981876218325334,35.0,21.0,1,1
525,22,p128,18.9247,4.6888,19.0995,14.9306,1.643994659358722,1.7950505679427469,35.0,21.0,1,1
526,22,p129,20.1115,4.0491,20.1829,13.535,1.4137221403090494,1.566575370340466,35.0,21.0,1,1
527,22,p130,20.6619,4.0175,20.7736,13.5593,1.3704318151590031,1.5990309751157212,35.0,21.0,1,1
528,22,p133,17.594,3.5818,15.1194,11.5161,1.214805239534305,1.628224632480854,35.0,23.0,1,1
529,22,p134,18.2843,3.4403,15.8797,11.5111,1.4549385176013452,1.6412475413446352,35.0,23.0,1,1
530,22,p135,19.6476,3.5163,18.6028,12.1931,1.4372579900630227,1.7603789517494963,35.0,23.0,1,1
531,23,v0,32.2157,11.9941,6.2036,18.1529,4.6774,3.654660599733952,37.0,13.0,2,1
532,23,p57,19.2099,11.4863,18.0852,31.2846,1.1161978050506998,1.2441482650177897,66.0,13.0,1,1
533,23,p58,18.0971,11.7626,16.8811,31.4686,1.011421875381386,1.223424866019845,66.0,13.0,1,1
534,23,p59,16.4708,13.3753,15.6229,31.3444,1.5854694099855726,1.7620526263552903,37.0,13.0,1,1
535,23,p60,15.9076,13.2645,14.953,31.2166,1.6008015242371554,1.7236365464099936,37.0,13.0,1,1
536,23,p61,17.0194,13.9406,16.121,31.5544,1.6034643806458564,1.672416834848107,37.0,13.0,1,1
537,23,p62,16.1027,10.5533,13.4303,30.9879,1.2949989111964535,1.4994608303407677,44.0,13.0,1,1
538,23,p63,15.3962,10.3629,12.5773,31.489,1.2204821670143322,1.5497605174642786,45.0,13.0,1,1
539,23,p64,19.7904,12.3443,18.7471,30.9525,1.3934375084660238,1.538179988000946,41.0,13.0,1,1
540,23,p65,20.2476,12.4294,19.2319,31.1066,1.3049204190294517,1.530737212369188,41.0,13.0,1,1
541,23,p66,19.4752,9.8585,19.0723,31.4713,1.3075007762904005,1.6628628207716787,54.0,13.0,1,1
542,23,p67,18.7686,9.8657,18.5933,31.4466,1.3361867010264694,1.6556206009760976,54.0,13.0,1,1
543,23,p71,15.9802,9.1436,11.4708,31.249000000000002,1.2449014097509892,1.804746339561206,43.0,13.0,1,1
544,23,p72,15.2522,8.8106,10.6129,31.0488,1.3184992870684458,1.8089377009965153,43.0,13.0,1,1
545,23,p73,17.0136,7.9449,13.9746,31.1207,1.395459555128704,1.6100589047364282,46.0,13.0,1,1
546,23,p74,18.2468,7.9182,14.7549,31.2967,1.3536459101256872,1.6328469944235458,46.0,13.0,1,1
547,23,p75,15.9739,7.1181,12.9395,31.4344,1.3690257338706238,1.9385893269310897,47.0,13.0,1,1
548,23,p78,19.5269,5.768,16.086,31.348000000000003,1.3809405237011476,1.6358583483341527,59.0,13.0,1,1
549,23,p79,19.1601,6.0236,15.4586,31.5227,1.3759571395941081,1.628143651878909,59.0,13.0,1,1
550,23,p80,18.5871,6.2006,14.8397,30.8736,1.3309021188652457,1.6221102920247685,58.0,13.0,1,1
551,23,p81,17.329,4.7187,14.5156,31.1742,1.5061434327447039,2.0478515743209353,49.0,13.0,1,1
552,23,p82,16.7113,4.5897,15.1113,31.3884,1.4628049904208011,1.8673194486397986,49.0,13.0,1,1
553,23,p88,17.1872,3.0279,8.3069,31.0123,1.158059415574175,1.4092501360140695,68.0,16.0,1,1
554,23,p89,19.4492,3.8437,13.7364,30.803,1.4919346902595974,1.7415358432833838,58.0,16.0,1,1
555,23,p91,20.203,3.3038,20.4804,31.4804,1.4350163762131778,1.694940918599174,56.0,17.0,1,1
556,23,p92,19.5779,3.2327,19.9729,31.2693,1.4420344101303546,1.732115023800468,56.0,17.0,1,1
557,23,p93,18.0875,2.7034,12.8394,30.9992,1.0604499045216609,1.5517175532309953,64.0,17.0,1,1
558,23,p94,16.5718,3.4521,10.4055,31.3805,1.1693064824929347,1.5757063744804085,64.0,19.0,1,1
559,23,p95,17.2107,3.4855,11.3038,31.2554,1.2062070883558926,1.5734562734229374,64.0,19.0,1,1
560,23,p96,16.6328,3.1163,9.9741,31.303,1.1577890826916621,1.527553826209728,67.0,21.0,1,1
561,23,p97,17.5253,2.9416,10.8081,30.9916,1.1942760568645758,1.5213828597302421,67.0,21.0,1,1
562,23,p98,17.945,3.4336,11.2357,31.0515,1.1699873375383172,1.568827063793751,66.0,21.0,1,1
563,23,p99,18.6256,3.5829,11.5677,30.9453,1.4009265112774474,1.5733309289557789,66.0,21.0,1,1
564,23,p100,19.8039,3.0918,15.0571,31.2504,1.3856591391825046,1.5851552161641864,66.0,22.0,1,1
565,23,p101,20.2067,3.2129,15.4132,31.5428,1.4317994622152923,1.5789265536896604,66.0,22.0,1,1
566,23,p102,19.8522,3.5352,19.3477,30.9214,1.215971319563089,1.55190967769868,69.0,26.0,1,1
567,23,p103,18.4285,4.1528,15.023,31.2332,1.384729320120001,1.7864298976237847,63.0,26.0,1,1
568,23,p104,17.4697,3.3433,14.7003,31.3925,1.135399775409525,1.6165660149529155,69.0,26.0,1,1
569,24,v1,24.7906,13.6076,4.5098,19.2211,3.8038,4.6327269493667345,61.0,52.0,2,1
570,24,v3,41.24100000000001,13.8126,7.1842,17.7998,3.4392,4.164418678284824,69.0,52.0,2,1
571,24,p113,15.6266,12.969000000000001,13.1976,24.0117,1.371080690550341,1.5364060785155234,71.0,52.0,1,1
572,24,p116,23.2459,20.2461,20.6325,5.7374,1.5235467075216302,1.8491307009296685,71.0,52.0,1,1
573,24,p117,17.2562,9.8064,15.4832,25.4314,1.3868512717663708,1.918800086825017,71.0,52.0,1,1
574,24,p118,17.8552,9.6669,16.2696,25.0609,1.4181449996386124,1.9059915170575705,71.0,52.0,1,1
575,24,p119,18.0729,9.842,16.4825,25.2147,1.430112191403178,1.9184294712988759,71.0,52.0,1,1
576,24,p120,20.2792,9.6508,21.9112,31.3103,1.963630375096087,2.9848261872150674,71.0,52.0,1,1
577,24,p121,17.0037,6.1765,16.9355,17.7542,1.3194192093493256,1.554372882485128,71.0,52.0,1,1
578,24,p123,19.2582,5.3532,19.5054,18.9524,1.5613504571363854,1.8485194223145893,71.0,52.0,1,1
579,24,p126,16.0472,7.1019,16.2542,17.8453,1.668878129163421,1.678896736008268,71.0,54.0,1,1
580,25,v0,26.0393,11.0212,5.575,13.7196,4.5694,4.758004955661722,23.0,14.0,2,1
581,25,p2,15.8876,23.3245,15.8923,13.347999999999999,1.7871444065883428,1.9779445378512142,25.0,14.0,1,1
582,25,p3,16.9383,23.3184,16.6292,13.1272,1.8074016543093017,2.066145767825548,25.0,14.0,1,1
583,25,p4,16.1647,26.0426,16.061,16.7776,1.7731032485447653,1.8908512254173795,25.0,14.0,1,1
584,25,p5,16.9039,26.5008,16.601,17.0854,1.5836917534671955,1.8869462090840117,25.0,14.0,1,1
585,25,p10,14.0757,11.2016,12.5599,18.9655,1.3530914418471502,1.5975836905537801,25.0,14.0,1,1
586,25,p11,14.716,11.1949,13.169,19.0583,1.3491083018053074,1.6441048248121068,25.0,14.0,1,1
587,25,p12,14.0324,3.8709,13.7245,11.02,1.6501444088321482,1.914428977440274,25.0,16.0,1,1
588,25,p13,14.5194,4.3772,14.6431,11.4999,1.5979221570527147,1.8349822663782167,25.0,16.0,1,1
589,25,p14,13.6497,4.0636,13.3208,9.0462,1.6872693323829482,1.892901047028261,25.0,19.0,1,1
590,25,p15,15.677999999999999,4.3062,16.53,9.3109,1.4950285616000785,2.1047546470996696,25.0,19.0,1,1
591,26,v1,41.5289,6.4984,5.5788,15.8407,1.9798,2.7314614516184736,40.0,5.0,2,1
592,26,v2,42.0015,7.1619,5.0907,14.0088,2.2441,3.106267029104159,44.0,13.0,2,1
593,26,p12,30.8939,12.9706,42.8088,7.8004,1.2461675328783044,1.4035181401611232,26.0,5.0,1,1
594,26,p13,31.2484,13.6271,42.8738,8.4478,1.1701732905856295,1.3637982294360078,26.0,5.0,1,1
595,26,p14,30.8428,15.9787,38.2277,2.2365,1.3605675433435858,1.5956357135922303,33.0,5.0,1,1
596,26,p15,31.0878,16.5109,38.8623,2.6566,1.2285492664114044,1.5409404289444433,33.0,5.0,1,1
597,26,p16,34.3907,17.2871,37.1361,2.6119,0.7677664814251792,1.4405393820154249,36.0,5.0,1,1
598,26,p24,35.0968,2.7946,27.414,23.8699,1.2659182161577422,2.031136818217984,42.0,5.0,1,1
599,26,p25,35.0999,3.153,29.6172,24.6435,1.2130995548593693,2.2527201759483804,42.0,15.0,1,1
600,27,v1,25.8902,10.2798,5.5788,15.8407,2.7178,2.936376106316832,40.0,19.0,2,1
601,27,v2,36.9475,7.9626,5.0907,14.0088,1.9875,3.222378296122759,44.0,19.0,2,1
602,27,v3,35.341,3.8138,5.291,13.6637,2.0258,3.1509804044417447,48.0,26.0,2,1
603,27,p27,11.2368,5.8834,9.0753,24.323,1.5777535580691937,2.629186344372005,38.0,19.0,1,1
604,27,p28,11.7908,5.6911,9.6218,24.344,1.543095022997612,2.6856512994454382,38.0,19.0,1,1
605,27,p29,11.9502,3.6949,9.83,24.6016,1.2359446994101313,2.496206207380816,44.0,19.0,1,1
606,27,p30,13.5404,3.0069999999999997,11.333,24.1183,1.2612738521034994,2.6069299016989502,43.0,19.0,1,1
607,27,p31,10.2797,3.0472,9.9344,24.0804,1.6873591970887527,2.7207757731998496,40.0,19.0,1,1
608,27,p36,13.187999999999999,3.6504,13.1912,12.5295,1.3078831216893962,1.450170194574814,51.0,30.0,1,1
609,27,p37,11.1979,2.9387,10.0345,10.7999,1.1425873183262625,1.2301795195984706,51.0,34.0,1,1
610,27,p38,11.8124,3.1277,10.7475,11.0411,1.271949975431424,1.3165475066892416,51.0,34.0,1,1
611,27,p39,13.6397,3.2384,14.8663,11.3735,1.0583623245373013,1.4196169485444636,51.0,34.0,1,1
612,27,p40,11.6556,3.3731,8.0699,9.535,1.2396583077606507,1.528324850319074,51.0,40.0,1,1
613,27,p41,12.1418,3.6085,8.5919,9.7296,1.4710776084217991,1.5806283232391247,51.0,40.0,1,1
614,28,v0,20.3492,5.8508,5.6713,15.9723,5.9431,6.050127386805273,11.0,5.0,2,1
615,28,p0,11.567,5.669,10.4675,11.5927,1.384238032276241,1.7878820060689322,13.0,5.0,1,1
616,28,p2,9.9324,9.9417,8.5458,14.6524,1.2054689792773599,1.5201172596555643,13.0,5.0,1,1
617,28,p4,13.5186,3.0645,13.6508,8.9912,1.391231202927824,1.7299381952891189,13.0,5.0,1,1
618,29,v0,57.5177,16.3368,4.249,19.4481,5.899,6.029853618365606,19.0,1.0,2,1
619,29,p11,30.0326,11.7212,41.9822,8.198,1.3882645929360873,1.5375659087594697,19.0,1.0,1,1
620,29,p12,30.2403,12.3705,42.1358,8.8617,1.3798956518519796,1.5465206922208954,19.0,1.0,1,1
621,29,p13,30.2969,13.0197,42.1463,9.3881,1.3459325466010545,1.532296484173205,19.0,1.0,1,1
622,29,p14,33.4438,14.3251,25.8844,21.978,1.255310658761408,1.453029693368894,19.0,1.0,1,1
623,29,p15,33.6457,14.6766,26.184,22.1476,1.4132549734566655,1.4810505643612468,19.0,1.0,1,1
624,29,p16,33.7877,10.3759,45.0618,7.0567,1.3538088676028088,1.4678991904383991,19.0,1.0,1,1
625,29,p17,33.8772,10.9912,45.4871,7.8289,1.2556442967656085,1.504280944609711,19.0,1.0,1,1
626,29,p18,38.3866,7.2769,31.2126,15.7045,0.9408368243218375,1.7061934589689745,19.0,1.0,1,1
627,29,p19,39.1049,4.3415,31.9234,16.0185,1.6259088842859553,1.974295416625028,19.0,1.0,1,1
628,29,p20,40.1097,4.3538,34.5396,11.8773,1.2820993760235593,1.4772298444093157,19.0,1.0,1,1
629,29,p21,45.9458,16.5951,50.6245,9.7473,0.7468219131760931,1.3830439701230908,19.0,1.0,1,1
630,29,p22,46.6593,16.8512,51.0728,10.2275,0.5240516195948639,1.4211482599766694,19.0,1.0,1,1
631,29,p23,47.2833,16.0142,52.6472,10.3898,0.2113875351102803,1.4295901193602871,19.0,1.0,1,1
632,29,p24,46.2504,15.6797,52.1309,9.4579,0.5407249393175795,1.398347898093096,19.0,1.0,1,1
633,30,v0,42.5179,9.9163,5.5743,13.9038,4.4886,4.694264609383551,17.0,1.0,2,1
634,30,p0,6.1338,5.8634,5.5567,22.5539,1.3967228071453548,1.7394350722656169,23.0,1.0,1,1
635,30,v1,43.9157,10.1498,4.6871,14.9929,4.9169,4.964772941019649,22.0,6.0,2,1
636,30,p1,6.8735,5.9371,6.265,22.6604,1.4328759960303614,1.7311842819417418,23.0,1.0,1,1
637,30,p2,7.209,6.2236,6.8432,22.1686,1.4008143809941416,1.7539724332353674,22.0,1.0,1,1
638,30,p5,8.6648,17.4931,8.9041,2.8286,1.6171087780356646,1.764288342016537,20.0,1.0,1,1
639,30,p8,24.346999999999998,10.3508,18.3229,22.6392,1.517767202175617,1.736056766244506,19.0,1.0,1,1
640,30,p9,25.1684,10.7807,18.6007,22.4357,1.9400421258312925,2.1770848873635553,15.0,1.0,1,1
641,30,p10,27.8412,6.5652,27.1644,18.7601,0.7697393325015944,1.472780307711261,27.0,1.0,1,1
642,30,p11,30.7264,3.9263,19.8827,21.3745,1.691078830214606,2.1336885749805026,27.0,1.0,1,1
643,30,p20,7.022,3.9178,5.7603,15.7507,1.6123692908263911,1.6859506986456356,27.0,4.0,1,1
644,30,p21,6.2253,3.6095,4.9695,15.4664,1.527620977206061,1.667940430190828,27.0,4.0,1,1
645,30,p22,9.0129,22.1625,17.748,12.2406,1.2796565945596499,1.5130142504998392,27.0,7.0,1,1
