,s_id,user_id,startx_axis,starty_axis,endx_axis,endy_axis,speed,max_speed,numberofcycle,start_cycle,user_type,cluster
0,1,p0,6.9816,7.8139,22.536802910692376,10.757613698238595,1.39073023983805,1.2771786206263982,21.0,2.0,1,0
1,1,p1,7.0758,10.0843,19.007103695998737,9.885158073048608,0.9675032299687688,1.1017315455654724,21.0,2.0,1,0
2,1,p2,6.9517,10.6384,-0.7607610264336371,9.655219525475706,1.3831492254995477,1.3858687155731373,6.0,2.0,1,0
3,1,p3,6.9421,11.0668,-0.8428801583042516,10.163529052348759,1.3581141778215848,1.4039059320290046,6.0,2.0,1,1
4,1,p4,9.122,12.4495,-1.0069765002978,11.230445672129584,1.336114560956507,1.3042539509327171,10.0,2.0,1,1
5,1,p5,16.5381,4.2545,1.6749100777332098,6.406745307156818,0.9109458655705068,1.2930293192190343,21.0,2.0,1,0
6,2,p0,7.1271,9.3865,21.26296678114608,10.115364927605391,1.265480714985416,1.4034491103584903,15.0,2.0,1,1
7,3,p5,20.016,15.076,-0.9990297298171988,15.619328139449284,0.8663004675053569,1.294231105084777,35.0,9.0,1,0
8,3,p32,20.9193,9.8634,30.67736020072997,13.750898509492664,1.1695383405429682,1.1170575871587332,19.0,9.0,1,0
9,3,p39,19.4379,10.5118,30.65366962672131,12.2581592979251,1.2369176043698304,1.1682628988719876,20.0,9.0,1,0
10,3,p40,19.5223,9.5788,30.69455942839493,11.654714517215831,1.3052672561586764,1.1840997207980928,20.0,9.0,1,0
11,3,p41,18.836,11.9455,30.71616940404875,13.363307185291006,1.2355187736331652,1.1790407856006817,21.0,9.0,1,0
12,3,p42,17.9541,10.7473,30.985289088536035,12.95924209049394,1.2013941900974885,1.111453124903928,24.0,9.0,1,0
13,3,p43,18.9662,13.4404,30.52006972110584,15.821710728481733,1.5643227831876645,1.6827197523369846,17.0,9.0,1,0
14,3,p44,18.9532,13.8213,30.83787512709052,17.25089830061774,1.5766907432974928,1.637469403805262,18.0,9.0,1,0
15,3,p45,16.3584,9.348,30.731583401895584,11.8507136532256,1.5327771038216875,1.389195921012876,23.0,9.0,1,0
16,3,p46,14.081,9.2642,30.988514921269804,11.852660257982132,1.4762261141166688,1.4311550597029274,26.0,9.0,1,1
17,3,p47,15.5191,11.0235,30.455811650043,12.943153755835645,1.326086712851011,1.348650084760732,24.0,9.0,1,0
18,3,p48,15.1882,11.557,30.38802329416632,14.179082711250524,1.4760654490909266,1.4074483084747105,24.0,9.0,1,0
19,3,p49,13.7616,12.1621,30.621032794670267,14.420561783679124,1.4230050737787268,1.4177647165125502,26.0,9.0,1,0
20,3,p50,13.7323,12.7371,30.62864606907389,15.000162682634866,1.4932017713624641,1.4271137540518808,26.0,9.0,1,0
21,3,p51,14.356,13.9925,30.88600856483933,14.7242117940517,1.5984703938453162,1.5537475463443926,24.0,9.0,1,0
22,3,p52,12.5697,11.139,30.756890530199556,14.082131395396708,1.6587960513577311,1.5113474405992982,27.0,9.0,1,1
23,3,p53,11.4936,9.8014,30.97619669556796,10.7327478097051,1.3913343415584911,1.3108383297690094,32.0,9.0,1,1
24,3,p54,11.6743,7.8568,30.092910648784066,16.63693998694949,1.5743449209115516,1.5649223544357007,29.0,9.0,1,0
25,3,p55,9.8093,9.1342,30.90178351747911,10.979064089180495,1.2101090612006835,1.2064776624154194,36.0,9.0,1,0
26,3,p56,9.9732,9.6126,30.979207024046225,11.589350710903974,1.1410269760176577,1.1970872806079906,36.0,9.0,1,0
27,3,p57,10.5349,10.9599,30.806452554657756,12.410208010083435,1.450148299312867,1.4629627379424577,30.0,9.0,1,0
28,3,p59,7.2205,9.4732,30.68173455595517,11.484090414414752,1.2633000158315524,1.2436585386469636,39.0,9.0,1,0
29,3,p60,7.1925,10.1551,30.74109857829361,12.575402212988587,1.2653396698120234,1.2548743218293228,39.0,9.0,1,0
30,3,p61,7.9581,10.8853,30.484089054679387,13.010802628588744,1.5242598630154898,1.4784817175387437,33.0,9.0,1,0
31,3,p62,7.8427,11.5958,30.346842436778985,13.764529003489628,1.4208025654537648,1.4741788607237596,33.0,9.0,1,0
32,3,p63,7.7517,12.1676,30.898747865272675,14.407743732964347,1.4740524583609635,1.4746042155079657,34.0,9.0,1,1
33,3,p64,5.608,12.3946,30.725220926579066,12.865654794220045,1.3356010819103137,1.5006298104965563,36.0,9.0,1,0
34,3,p66,4.8801,9.36,30.71093413517321,11.025893718264127,1.5085140304286202,1.3600054083741782,42.0,11.0,1,0
35,3,p67,4.8121,9.8825,30.735748107083868,11.585324466526435,1.4386200645062617,1.3635843050568182,42.0,11.0,1,0
36,3,p68,5.0049,10.5567,30.80902213160393,12.034352770546533,1.450220569430733,1.3200177686502197,43.0,11.0,1,1
37,3,p69,5.2747,12.2237,30.534687898452415,10.756585785061564,1.2137419989437623,1.2316030714122197,45.0,11.0,1,0
38,3,p70,4.6009,13.8259,29.711556228000674,18.537100935767764,1.1977939263496038,1.2219888588982637,47.0,11.0,1,0
39,3,p71,4.9876,13.9614,30.336054837066673,18.587591958766065,1.5341837862524816,1.54307308509939,42.0,14.0,1,1
40,3,p73,4.3063,9.837,29.34656648278789,11.495677881744678,1.4900541097557498,1.3685557493437959,47.0,17.0,1,0
41,3,p74,4.2666,10.3282,29.19242955357543,11.989638583418007,1.4512154250834024,1.3593391719219765,47.0,17.0,1,1
42,3,p75,4.9658,12.3622,30.989675717262102,13.970767365238734,1.628005528246142,1.7047333889108682,43.0,17.0,1,1
43,3,p77,4.4327,11.7543,24.866671818491227,14.111085285157756,1.2205118311593706,1.1564864998313509,47.0,19.0,1,1
44,3,p79,5.7355,8.4403,30.67501459509781,14.487048343286364,3.0626569070008482,1.842532973075776,46.0,22.0,1,0
45,3,p82,4.4432,10.6574,21.315899518495765,11.704497668375547,1.2361369584313868,1.054174753907383,47.0,24.0,1,0
46,3,p83,4.4425,11.3475,21.55256316804542,12.312712013671879,1.1615589266154345,1.0663736883043513,47.0,24.0,1,0
47,3,p84,4.9662,9.014,22.03254640566184,9.854566049236816,1.4935290891040591,1.2706798691986378,47.0,26.0,1,1
48,3,p87,4.8323,9.4809,20.17853871583769,10.907365874827855,1.2769822708244625,1.173854100727329,47.0,29.0,1,0
49,3,p88,4.7194,10.0581,20.096076795309813,11.869153797561129,1.2434627658277508,1.1731040506348756,47.0,29.0,1,0
50,3,p89,12.8914,2.8104,22.516843427282087,13.452642641277844,1.191916314176461,1.189628656444231,47.0,31.0,1,0
51,3,p90,15.0462,2.6483,25.53128295482653,13.429399927276378,1.4107622691297068,1.3459610892018266,47.0,31.0,1,0
52,3,p91,4.6929,13.6341,22.51457908016303,13.18019496872246,1.55017823491365,1.6113655046283135,47.0,31.0,1,1
53,3,p92,13.8049,2.6557,22.66087823481556,13.087604612039993,1.1356243965325858,1.1814828859257742,47.0,32.0,1,1
54,3,p93,4.9430000000000005,8.1455,20.07551747641051,9.582171961221418,1.367000793708621,1.3597638911327774,47.0,32.0,1,1
55,3,p94,4.9257,10.3488,18.66377197888417,11.544403998573426,1.2554577213112357,1.1848517987207303,47.0,32.0,1,0
56,3,p95,4.663,11.167,18.362572751076428,12.330226125649185,1.1872783708970698,1.1693415090780501,47.0,32.0,1,0
57,3,p96,4.5457,9.5291,18.10087607560117,10.711804566328508,1.6330371030690023,1.5742963418399285,47.0,36.0,1,1
58,3,p97,10.6804,2.5646,16.98224361303066,10.966867289855497,0.9755291077153976,1.015004588194702,47.0,36.0,1,1
59,3,p98,3.9967,8.8605,15.071006710431824,10.255317398713094,1.2904707745625237,1.246069161081544,47.0,37.0,1,0
60,3,p99,4.3369,10.7914,14.290922801617748,11.469955807625988,1.0160491179072004,1.0005525756355662,47.0,37.0,1,0
61,3,p100,5.3418,12.7124,16.383391777203958,10.364924091263127,1.8278710512506071,1.609818449504701,47.0,39.0,1,0
62,3,p101,4.1482,12.3002,13.359393671845783,12.285545032864412,1.0240632792947906,1.0487073126293105,47.0,39.0,1,0
63,3,p102,4.2411,11.5981,13.342289563282266,12.191963796835607,1.0829204449081198,1.0396406243441558,47.0,39.0,1,0
64,3,p103,12.8716,3.2082,16.196816208261016,10.88233054928287,1.171230336014227,1.1576690008194268,47.0,41.0,1,0
65,4,p0,20.66,9.6669,31.78064570556405,11.833250254702985,1.1371249051885195,1.1575550657188294,15.0,4.0,1,0
66,4,p1,20.7047,10.2911,32.076969950456636,11.699904650035508,1.112308014895155,1.2732092504214043,14.0,4.0,1,0
67,4,p12,20.2763,12.0354,0.6468724146442835,19.655289298364504,0.8780576746433003,1.1282180109484836,39.0,4.0,1,0
68,4,p13,19.454,12.4598,-0.08508372270966902,22.09189440637589,0.7147854573226852,1.1868721371451636,39.0,4.0,1,0
69,4,p14,21.5757,13.5601,31.71164146307584,13.3615997934191,1.2073488393997818,1.2736695863980805,12.0,4.0,1,1
70,4,p15,19.8098,13.1217,31.71276837948874,11.212057953386166,1.5937190875433471,1.5781688482740273,13.0,4.0,1,0
71,4,p16,18.0186,11.8423,32.08113658437493,12.54118575414092,1.1550498387515578,1.1441757197800415,20.0,4.0,1,0
72,4,p17,17.9069,11.1113,32.05601580242414,11.84365173100863,1.177852388884108,1.1586214084420094,20.0,4.0,1,1
73,4,p18,19.2777,9.8638,31.55945817083811,13.803395172168793,1.671221245077982,1.4747413590016187,15.0,4.0,1,1
74,4,p19,15.119000000000002,7.2583,31.43128040188261,12.49638382512906,1.0322313306618822,0.9910778645141208,29.0,4.0,1,0
75,4,p20,14.8953,7.806,31.425789739855915,13.192358279518453,0.9428166152545256,1.004817387078086,29.0,4.0,1,0
76,4,p21,17.129,9.0883,31.866205244540964,12.063728868670905,1.4686049741165934,1.4445614147719654,18.0,4.0,1,0
77,4,p22,16.8439,10.3125,31.874445279390965,11.309097823733358,1.2182011861757482,1.1331306580908345,22.0,4.0,1,0
78,4,p23,16.7436,10.9246,31.991442374073873,11.917053438466926,1.235961427391648,1.1575654017894326,22.0,4.0,1,1
79,4,p24,15.2753,11.1372,32.04023258730071,11.724713443151154,1.2199466750641192,1.1359316867692837,25.0,4.0,1,0
80,4,p25,15.2352,9.9281,31.76136547245943,11.225392892435837,1.5904187153073874,1.2655047194446258,23.0,4.0,1,0
81,4,p26,15.1332,11.8452,32.01032243357593,12.387327319768396,1.2236269570420553,1.144441981691929,25.0,4.0,1,0
82,4,p27,12.0959,9.8593,31.82030665624999,11.332778741003455,1.5785228854850348,1.3960818185937065,26.0,4.0,1,0
83,4,p28,13.8534,10.6329,30.51152519347749,-0.7068185775621707,1.738493704331425,1.6234123227085984,24.0,4.0,1,0
84,4,p29,10.4421,11.174,31.687496574918914,13.52375075569785,0.9223892995910132,1.0694548227724812,35.0,4.0,1,0
85,4,p30,9.5798,11.8832,31.61872847554634,14.585650344923401,1.0326027890723521,1.0772172057479872,36.0,4.0,1,0
86,4,p31,9.5783,12.411,31.58641233765177,14.94386563013706,0.9643357610293212,1.0722243582371571,36.0,4.0,1,0
87,4,p32,11.7202,13.3809,31.70943070755612,14.125928054945565,1.8177311709931148,1.6057588962820717,23.0,4.0,1,0
88,4,p33,11.4291,14.2632,31.730606868972654,14.483040782665359,1.4650007303752444,1.611500608926622,23.0,4.0,1,0
89,4,p34,11.5079,15.5616,31.593062040996188,18.978966544940416,1.6298076236169716,1.6478759455185288,23.0,4.0,1,0
90,4,p35,11.4201,19.1795,31.714143045183448,19.276365140302367,1.485914146241296,1.5384420709482156,26.0,4.0,1,0
91,4,p36,11.1906,19.6733,31.60084343882775,19.770382525587827,1.463451335029628,1.5581503584108876,26.0,4.0,1,0
92,4,p37,8.0903,9.4295,31.8299697999512,11.921868061322739,1.3848908476843942,1.3578708956091274,32.0,4.0,1,0
93,4,p40,5.5389,12.0885,31.826004268810355,13.140053311277757,1.202078366829717,1.2281685547672854,39.0,4.0,1,0
94,4,p43,5.5352,14.6515,31.77255610579571,19.125462663275627,1.4317999336499494,1.56480859236246,33.0,4.0,1,0
95,4,p44,5.2004,15.054,31.794024913002197,19.740452177266725,1.4319016900611576,1.5844418219744831,34.0,4.0,1,1
96,4,p45,4.5109,9.3694,31.533860563206908,11.78999055895785,1.4957803114093997,1.482461870894352,37.0,7.0,1,0
97,4,p46,4.759,9.9068,31.527614478629804,12.26472916744552,1.4051819882136265,1.4629564870703589,37.0,7.0,1,0
98,4,p49,5.0321,10.0914,29.93662840491037,12.14250382573195,1.4657559312518575,1.4940656867565612,39.0,12.0,1,0
99,4,p50,4.7626,13.6371,26.37236112337036,13.476034103933602,1.415501275167211,1.3371262239004182,39.0,14.0,1,0
100,4,p51,5.0086,14.1877,26.522488834193247,14.233166832202773,1.4343104859130047,1.329864291856301,39.0,14.0,1,0
101,4,p52,4.8947,13.5056,25.259176132276124,13.312885867629507,1.3779760520415445,1.3409389642565168,39.0,16.0,1,0
102,4,p53,4.823,14.0111,25.17248609513196,13.963108117746911,1.4936336163865622,1.3516403895206448,39.0,16.0,1,1
103,4,p54,4.9135,7.0706,20.14801503188785,7.35726858111472,1.127139853789227,1.0824839552302814,39.0,17.0,1,1
104,4,p55,4.7828,8.347999999999999,23.117325263637234,11.792631124006924,1.3146400648086152,1.2476466195800413,39.0,17.0,1,0
105,4,p56,4.8329,9.4347,22.868741709685317,12.448059979181107,1.1751744466248404,1.2078731097136244,39.0,17.0,1,0
106,4,p57,4.8762,10.1813,22.791760595844924,12.91569889459276,1.1865114622286632,1.1965509984298546,39.0,17.0,1,0
107,4,p58,4.7562,10.8208,22.545001928517188,13.30092486164413,1.3084350499738229,1.1988806814145019,39.0,17.0,1,0
108,4,p60,4.2368,6.5759,19.92001516964763,8.40836449896732,1.0441190209932965,1.1547397729639484,39.0,19.0,1,0
109,4,p61,4.4855,8.0053,21.732273478654466,8.531611641371287,1.3442238243685465,1.2359658245382277,39.0,19.0,1,0
110,4,p62,4.5456,9.1489,21.49556939460021,9.961118227804851,1.3138255021120575,1.2490941190903913,39.0,19.0,1,0
111,4,p63,4.2647,11.0843,20.441708422895672,11.94680571101588,1.2009727474010392,1.135979154640239,39.0,19.0,1,0
112,4,p64,4.405,11.5735,20.362588688746648,12.619706068951226,1.213093211587634,1.1144922750344517,39.0,19.0,1,0
113,4,p65,5.1227,8.5722,21.054745306659754,9.26750074837875,1.3820224925810722,1.2519807166089612,39.0,21.0,1,1
114,4,p66,4.3148,11.7825,20.0759088487592,13.82569856625279,1.2840477639091157,1.2290701556287191,39.0,21.0,1,0
115,4,p67,4.8441,12.9035,22.05675688461452,10.278632251805066,1.422930110722238,1.4408858756436866,39.0,21.0,1,0
116,4,p69,4.751,12.1816,19.769716090568625,14.09484837937474,1.1922808813362729,1.2068904848077353,39.0,22.0,1,0
117,4,p70,4.3285,10.075,20.14728963307228,10.341680274418634,1.3629855942012006,1.2935986959706802,39.0,22.0,1,0
118,4,p71,3.9704,7.885,18.78135455501395,8.704998258010875,1.0956967691838833,1.153806428824677,39.0,22.0,1,0
119,4,p72,4.106,5.9423,20.91388185009796,6.206620079566682,1.4405632926046672,1.4091427822597746,39.0,22.0,1,0
120,4,p73,4.9152,8.9131,18.306287862754345,9.002786712018162,1.1725076758810578,1.125903250280007,39.0,24.0,1,0
121,4,p75,5.3729,9.86,18.871692895042173,10.144113230617187,1.3512865943240908,1.3147961432902704,39.0,26.0,1,0
122,4,p76,5.3329,10.3126,18.810927006205272,10.60459848582884,1.3718831036207129,1.3143390724156148,39.0,26.0,1,0
123,4,p77,5.1364,11.3751,18.10196675035366,11.896189017032006,1.1981503954011783,1.2261228642752962,39.0,26.0,1,1
124,4,p78,4.6246,12.4986,18.444104123376977,13.449548632225854,1.310673052290311,1.366267936975343,39.0,26.0,1,0
125,4,p79,3.9728,5.8089,15.36571417394459,3.876795157882092,1.2038581519431597,1.2053886837657115,39.0,27.0,1,1
126,4,p80,4.6627,9.2495,17.280083489438525,10.841194948535097,1.228593276882142,1.2796047093443903,39.0,27.0,1,0
127,5,p30,15.1153,12.1164,29.53447257491353,13.787073882193447,1.2714312447002396,1.2713014785856462,16.0,1.0,1,0
128,5,p31,13.8164,11.1918,29.504985363366753,13.226179705183409,1.289602458124208,1.2197768904403483,19.0,1.0,1,0
129,5,p32,14.1366,12.7301,29.48983248370109,14.064108206161913,1.1839795437422052,1.161896725372962,19.0,1.0,1,0
130,5,p33,13.6709,10.5727,29.44533269766593,12.896077349622052,1.3715388802363568,1.2365517902596035,19.0,1.0,1,0
131,5,p34,13.3213,9.9396,29.436773143463355,12.3303157820082,1.86295146743011,1.3117865894805143,19.0,1.0,1,1
132,5,p35,14.0537,14.5982,29.311273559817586,15.322634444978087,1.3004793154833336,1.1579275602998322,19.0,1.0,1,1
133,5,p37,11.8966,13.9306,29.581525629505638,15.483865482592426,1.262586381203282,1.171267447531554,23.0,1.0,1,0
134,5,p38,12.6835,16.1217,29.79388095844705,17.002989820596422,1.2551944749719066,1.224708345224549,21.0,1.0,1,0
135,5,p39,12.0123,15.1898,29.76713953643627,14.199432029054506,1.476513630143657,1.2960847387810486,21.0,1.0,1,0
136,5,p40,10.8629,15.1603,28.865799306577088,25.40062880274677,1.3014266172166604,1.3884668796548283,24.0,1.0,1,0
137,5,p41,10.5773,13.4749,29.564964953872856,15.405061255863496,1.2525473723576286,1.0994503614270994,27.0,1.0,1,0
138,5,p42,10.6863,12.6619,29.788082463127605,14.464572480342028,1.0877129216847614,1.0960382937825617,27.0,1.0,1,0
139,5,p43,10.781,10.6885,29.237778283673226,15.736331864995394,2.2090483245053743,1.7191538733795175,18.0,1.0,1,0
140,5,p44,9.6731,11.0353,29.636667464031163,12.907042648642266,1.3825079855103912,1.3744337432678508,23.0,1.0,1,0
141,5,p45,9.5915,11.5021,29.44568365899807,13.612762668617599,1.7039407882904851,1.3861089581517838,23.0,1.0,1,0
142,5,p46,10.1089,12.0764,29.3283624581932,13.91559656965016,1.5680034725726857,1.3814766634259157,22.0,1.0,1,0
143,5,p47,9.336,11.7947,29.42905914273609,14.466969210610108,1.2040868448745714,1.3787450342572636,23.0,1.0,1,0
144,5,p48,9.3753,13.5149,29.019441235134483,13.419658605612149,1.00220060367174,1.131125908901336,27.0,1.0,1,0
145,5,p49,7.0433,12.5793,29.04428336683237,23.973742473497698,1.4875125713754491,1.5510010242405738,27.0,1.0,1,1
146,5,p50,8.2988,15.8489,29.719690294658648,16.257574136167566,1.4490045721114897,1.3747349849660122,25.0,1.0,1,0
147,5,p51,6.8889999999999985,15.3969,29.44820980038233,15.965993090381383,1.9172688517784875,1.7748305318992788,21.0,1.0,1,0
148,5,p53,4.3213,15.0117,27.161706146046466,16.255215876024682,1.4345399053355052,1.434965431097892,27.0,2.0,1,0
149,5,p54,4.6506,15.5586,26.35090403632681,17.563102563436914,1.4161180070883923,1.3590650427037585,27.0,2.0,1,0
150,5,p56,4.4408,10.1191,21.852738210130052,12.259699987999651,1.4009549314663907,1.3987107479289809,27.0,9.0,1,0
151,5,p57,4.4173,10.8956,21.788431714715657,12.954920437278414,1.3527020551473998,1.3918849867470433,27.0,9.0,1,0
152,5,p58,4.74,15.171,20.163719469343647,11.52251170916028,1.4614596299590352,1.2469558867343289,27.0,9.0,1,0
153,5,p60,5.1895,14.3802,20.05188227189463,10.967529694365444,1.4882835885677166,1.3389237743266462,27.0,11.0,1,1
154,5,p62,4.5091,10.7755,18.017235644777678,11.585471102110805,1.1846244510392312,1.1463920815362476,27.0,12.0,1,0
155,5,p64,4.7655,11.2626,18.04225554761448,13.523292206880846,1.317212610021632,1.3234741743958545,27.0,14.0,1,0
156,5,p65,4.9972,11.764,18.299875344430195,12.342711374133554,1.3221301032803092,1.2951917665926618,27.0,14.0,1,0
157,6,p25,12.2305,10.8069,31.613779254083838,12.80366186186723,1.5159943964276383,1.3916563070342367,23.0,2.0,1,1
158,6,p26,12.1001,11.2414,31.806270050869173,13.139342375292822,1.3918624393236567,1.3526133358861654,24.0,2.0,1,0
159,6,p27,11.7157,11.5623,31.81177595153492,13.531117075973293,1.4215505056099835,1.3292711973762004,25.0,2.0,1,0
160,6,p28,12.6783,11.9986,31.560105730604487,13.750944347646511,1.522151116019694,1.3441659222953508,23.0,2.0,1,0
161,6,p29,11.7324,12.3293,31.73755856542803,14.479809968044556,1.481006971624374,1.3820989588822123,24.0,2.0,1,0
162,6,p30,11.1627,13.0121,31.32808758101393,15.167240377528213,1.3742013134908582,1.393603474304481,24.0,2.0,1,0
163,6,p31,11.2651,13.3541,31.72937752627565,15.341900584368824,1.3654094807053303,1.4169576930024779,24.0,2.0,1,0
164,6,p32,11.4507,15.9991,31.86476688232431,17.08300698220277,1.4482543871847928,1.4067531989220483,24.0,2.0,1,0
165,6,p33,11.1472,16.5668,31.612278908577323,17.79094870348838,1.447738346525366,1.4145927780010483,24.0,2.0,1,0
166,6,p38,7.07,9.5856,27.00504041828175,12.445150296825538,1.3210921428878457,1.237522378363504,27.0,2.0,1,0
167,6,p39,6.7765,9.9935,26.73646606329645,12.821252730754964,1.29330054125095,1.2353463601884147,27.0,2.0,1,0
168,6,p40,6.0067,11.1626,24.861474762074824,12.582870042608972,1.3051240017714791,1.143555026287992,27.0,2.0,1,0
169,6,p41,6.0244,11.8001,24.678237534694837,13.03170349102444,1.18294827021303,1.1085035754521202,27.0,2.0,1,0
170,6,p42,6.2031,12.2877,24.747820008680844,13.616162627507348,1.2368041397084664,1.102170259392269,27.0,2.0,1,0
171,6,p43,6.6082,12.871,23.96702041829571,15.037124493809413,1.184904055187592,1.0535231169802544,27.0,2.0,1,1
172,6,p44,5.6825,12.7759,24.06531096092392,13.87351237515437,1.2214121867739818,1.0916292048433518,27.0,2.0,1,1
173,6,p45,5.2408,16.1488,21.90481851775626,15.427183319733794,1.363208347979134,1.2167825207947829,27.0,2.0,1,0
174,6,p46,4.9309,15.4342,21.56892412649434,14.424821965126304,1.1579524342562608,1.1495257077859793,27.0,2.0,1,0
175,6,p47,4.854,14.587,21.51551154495252,13.784577559751716,1.3832472844723032,1.1140797263167763,27.0,2.0,1,1
176,6,p48,4.555,13.4373,22.74624146657134,14.857044410255261,1.2685888892781616,1.0897458033634992,27.0,2.0,1,0
177,6,p49,4.5379,12.6183,22.54012397422461,14.252540916425035,1.2067704711335954,1.0562146747026129,27.0,2.0,1,0
178,6,p50,4.3852,11.8377,22.314212593915514,13.830012342703302,1.2893030404059396,1.0626123530092988,27.0,2.0,1,0
179,6,p51,4.4339,11.3254,22.640836427871413,13.32766921394378,1.1781317795560902,1.0752234243875964,27.0,2.0,1,0
180,6,p52,4.0558,9.9321,25.39247020466351,12.441660163404553,1.4128794180679396,1.3305458430499466,27.0,2.0,1,0
181,6,p53,4.3401,9.4376,24.64484886467341,11.570167430213967,1.3429187354415753,1.2928424689855973,27.0,3.0,1,0
182,6,p57,4.5397,11.2586,21.63649293779241,12.68895443054041,1.1078726461105537,1.1099518522102418,27.0,5.0,1,0
183,6,p59,4.1244,12.5717,20.35258669798222,12.609133429710706,1.139795003498436,1.0749114650079294,27.0,6.0,1,0
184,7,p2,7.1714,8.286,27.138351474997226,11.303816563767045,1.06536925523501,1.0623941576858351,31.0,2.0,1,0
185,7,p3,7.2246,8.7013,27.032594249675928,11.826809688453885,1.0154221043487286,1.0491001769913193,31.0,2.0,1,0
186,7,p4,6.015,10.2209,25.640220363545946,10.62879994670682,1.1122324801946761,1.0377325037851497,31.0,2.0,1,0
187,7,p5,5.9904,10.9412,25.608444215576075,11.175246606413593,1.0767171030498215,1.041390034305097,31.0,2.0,1,0
188,7,p6,6.5573,12.7579,27.814582937395635,14.252740525192651,1.6208914368334482,1.3440220352998462,31.0,2.0,1,1
189,7,p7,6.8088,13.9603,25.573127154916,12.975428988935366,1.2572030941737298,1.07555306782091,31.0,2.0,1,0
190,7,p8,6.9322,14.4431,25.494892145368336,13.459269245381336,1.2781015804700344,1.1137564980919208,31.0,2.0,1,0
191,7,p9,5.3086,15.0864,23.92877496634183,15.027477991435564,1.257923912643368,1.2891642209272791,31.0,2.0,1,1
192,7,p10,8.3284,10.5981,27.3100833550466,12.766758000554097,1.0356999275852057,1.0472876447938109,31.0,2.0,1,1
193,7,p11,12.0068,12.2127,32.639708318152344,14.955199350144104,1.4282201580988836,1.277101641781158,27.0,2.0,1,0
194,7,p12,11.8999,12.8203,32.611322843716174,15.694999070751155,1.4671777158885695,1.2859012910633782,27.0,2.0,1,1
195,7,p13,11.5934,13.6746,32.303896270573695,13.808006885961204,1.2008132785741503,1.1727012864563655,29.0,2.0,1,0
196,7,p14,11.7186,14.2161,32.339141287038466,14.747380348992653,1.3126993029631728,1.1714156730866558,29.0,2.0,1,0
197,7,p69,4.3647,8.2324,29.967887193059408,1.5338487132865388,1.4047296181116138,1.4883650073935748,31.0,2.0,1,1
198,7,p70,4.6583,11.3896,24.455520637935727,11.974310538321939,1.2362575176717834,1.1774034691763555,31.0,2.0,1,0
199,7,p71,4.5131,11.919,24.19497918616532,12.658005283019294,1.2222121297058053,1.1201740105628464,31.0,2.0,1,0
200,7,p72,4.7378,12.4522,24.273115524155827,13.002757446723027,1.2576913174543272,1.1108734348278038,31.0,2.0,1,0
201,7,p73,4.1787,9.4912,22.348258351148896,9.956916327999565,0.9541549612091318,1.0033274386695756,31.0,4.0,1,0
202,7,p74,4.1379,10.0858,22.264175657841626,10.414989548097404,0.8878333909016941,0.9737533971176676,31.0,4.0,1,0
203,7,p75,4.285,10.5084,22.324602192438704,11.30745570522374,0.8749632277987459,0.969276511837278,31.0,4.0,1,0
204,7,p76,5.1416,11.3505,22.77927423002725,12.440791425219441,1.2677888033895868,1.1741347225879488,31.0,6.0,1,0
205,7,p77,5.2047,11.833,22.56700602324204,12.846320476345973,1.304252506227226,1.0976051224851633,31.0,6.0,1,0
206,7,p78,4.4808,12.0901,21.79517098156041,13.17735854032145,1.27137334013263,1.1191037029396638,31.0,6.0,1,0
207,7,p79,4.5280000000000005,12.6278,21.75348104976461,13.81428378129543,1.2812634077347251,1.1306353548905386,31.0,6.0,1,0
208,7,p80,4.811,14.2505,22.792629719087795,13.408677663280844,1.3406989856041511,1.1640603106766467,31.0,6.0,1,0
209,7,p81,5.2094,8.7986,24.440438561355453,2.8648174335120147,1.4385103475470726,1.281025108826649,31.0,6.0,1,1
210,7,p82,4.6784,7.1261,24.5425205447328,11.032763935827072,1.2716534512201034,1.2668726572575282,31.0,6.0,1,0
211,7,p83,3.8885,12.5449,20.995125571149963,14.292010632203743,1.3002401508952106,1.118871666923315,31.0,7.0,1,0
212,7,p84,3.7991,13.1991,21.447463126972547,15.142335339258398,1.2701366934310654,1.163768908447634,31.0,7.0,1,0
213,7,p85,4.5422,9.0235,21.22543922888836,9.865825468184534,1.3646022021087318,1.1950404187414274,31.0,11.0,1,0
214,7,p86,4.507,9.7881,21.221127472598678,10.881913967805419,1.470609591291992,1.206048279033219,31.0,11.0,1,0
215,7,p87,4.5613,10.5237,21.035147787205844,11.645489084783609,1.4281874001684791,1.1784130149577878,31.0,11.0,1,0
216,7,p88,4.5627,14.0195,19.627308393115488,14.566397999352764,1.0629921213254594,1.0988901100224229,31.0,11.0,1,0
217,7,p89,4.4597,14.7278,19.716010076347498,15.199675304592693,1.1999017001404741,1.114445457419884,31.0,11.0,1,0
218,7,p90,3.8495,11.3503,20.790291886890493,12.195283500912199,1.3537836053077317,1.2722229010469406,31.0,12.0,1,0
219,7,p91,3.9531,14.357,18.65484487532776,13.85995298172052,1.2982222999163129,1.1247523595000717,31.0,12.0,1,0
220,7,p92,3.9094,14.8625,18.627951916197507,14.749218626634054,1.2456051742024838,1.0896353432932109,31.0,12.0,1,0
221,7,p93,4.2213,15.4632,18.849852143144123,15.11108178745786,1.0979714021776708,1.0671624474700458,31.0,12.0,1,0
222,7,p94,4.0906,9.6886,20.017651554695355,9.41299050412774,1.2870151902755458,1.2949100934576077,31.0,14.0,1,1
223,7,p95,4.1321,10.4437,19.86121199582182,10.000017413766038,1.308636683728528,1.2725213949177523,31.0,14.0,1,0
224,7,p96,4.2375,10.9847,19.96687091583252,10.871671946725321,1.3918889503117695,1.2823576065183866,31.0,14.0,1,0
225,8,p0,9.4098,7.1993,25.30747292273689,10.288854580380287,1.1339302315398423,1.0451200815195063,25.0,3.0,1,0
226,8,p1,9.3139,7.7799,24.933065023999497,10.839170756633036,1.0674264377464144,1.0187915735020483,25.0,3.0,1,0
227,8,p2,9.1742,8.3273,24.845783271939315,11.130477792430014,0.9332090012424872,1.0188794465701834,25.0,3.0,1,0
228,8,p3,9.1234,9.2281,24.17848336663273,11.280327453743393,1.0020801614641417,1.013000514719615,25.0,3.0,1,1
229,8,p4,9.2134,9.8872,24.129294622079943,11.913440147228158,1.0169051332351509,0.9954771175021021,25.0,3.0,1,1
230,8,p5,10.542,10.0495,25.14541894834495,12.31067747209452,0.9111095707981558,1.0204306256712,25.0,3.0,1,1
231,8,p6,7.9817,9.9639,23.573084806115443,12.332456274112033,0.9791392240126018,1.0125012802961286,25.0,3.0,1,0
232,8,p7,8.148,10.4485,23.77823587059021,12.74837651879701,0.9904300934442573,1.000058562692289,25.0,3.0,1,0
233,8,p8,9.6825,11.4324,27.44599787127399,11.788101363617661,1.4815412009120774,1.4061197842813191,25.0,3.0,1,0
234,8,p9,15.1914,9.3109,30.190403261625608,1.4620711305105925,1.4922666149183932,1.3527577289534278,25.0,3.0,1,1
235,8,p10,15.5278,10.2079,30.69801861134554,1.9450826082461807,1.4446691524359478,1.3350939456749953,25.0,3.0,1,0
236,8,p11,15.4367,10.7891,30.936015164580155,2.1427130326939285,1.2942318571260714,1.3491893324119375,25.0,3.0,1,0
237,8,p31,22.5424,10.249,9.14690767307621,7.647460033642606,0.8702012238557241,0.8803017528638198,25.0,3.0,1,1
238,8,p32,23.4286,9.6665,9.118619750920624,6.999810367438394,0.979886039292325,0.9023002798751982,25.0,3.0,1,0
239,8,p52,5.3892,8.6517,23.030606881782287,10.812610587798863,1.221607080857016,1.172242660256578,25.0,3.0,1,0
240,8,p53,5.1592,9.603,22.67994241994575,11.104398654616137,1.3175072106064545,1.1634118763290255,25.0,3.0,1,0
241,8,p54,5.1082,10.7333,22.81226512542662,11.799044864784276,1.2696427607795826,1.1763849919242697,25.0,3.0,1,1
242,8,p55,5.5375,11.3154,23.365350649174037,13.591245716259445,1.4855484273493071,1.3752989009857923,25.0,6.0,1,0
243,8,p56,5.5691,12.2085,23.303487465717982,14.199409215165794,1.5036927511962008,1.3657155745058038,25.0,6.0,1,0
244,8,p57,4.8517,13.2724,22.869241493914558,15.306382448957054,1.4399382208969942,1.387809238586277,25.0,6.0,1,0
245,9,p0,6.1866,9.7131,20.330289686157588,10.279917521228873,1.2994447814355177,1.2253666475316385,25.0,4.0,1,0
246,9,p1,6.3879,10.1175,20.07547599086321,10.940964314607966,1.3792865148329407,1.172856923007507,25.0,4.0,1,0
247,9,p2,6.5646,10.7344,19.98576695568953,12.074307881580104,1.3125248492885764,1.1329543273493887,25.0,4.0,1,0
248,9,p3,8.3935,12.9139,22.172660420815397,14.002796323065793,1.6054879009198417,1.3561293741085558,25.0,4.0,1,0
249,9,p4,9.0099,12.3979,21.607740483147825,12.759595389863401,1.2551832535530418,1.0659284830647364,25.0,4.0,1,0
250,9,p5,9.0162,11.5875,21.446382737165532,12.318225239415295,1.2164587333732289,1.1098193971211778,25.0,4.0,1,0
251,9,p6,9.9219,10.1034,27.886567474605666,10.788557232092097,1.2046470852494515,1.2429826014045562,25.0,4.0,1,0
252,9,p7,9.5681,9.3398,27.73092440855592,10.429558433174037,1.1673302960173697,1.2586814763026493,25.0,4.0,1,0
253,9,p25,4.9419,9.3338,20.92013723873129,15.201374248079475,1.5774838984915185,1.399109207250326,25.0,5.0,1,0
254,9,p26,4.4057,10.173,20.32191015195404,8.756304624044471,1.3401890687511222,1.238373975435501,25.0,5.0,1,1
255,9,p27,5.029,12.0583,18.579154162303325,11.402489009045134,1.2030473348958468,1.072045897832568,25.0,5.0,1,0
256,9,p28,6.1661,9.4808,18.24357511177157,7.984737014993469,1.3751995127980523,1.2205496779691545,25.0,13.0,1,0
257,10,p0,8.5697,11.1311,26.753041814167155,12.976704582535556,1.2003368069004632,1.2625092820336716,22.0,1.0,1,1
258,10,p1,8.9304,12.0677,27.034847954191733,12.208892755285806,1.2821752766295251,1.3744239053255791,20.0,1.0,1,0
259,10,p2,8.975,12.6276,26.52482668006319,12.869096623000797,1.2318705492055568,1.392646332204247,19.0,1.0,1,0
260,10,p3,10.3582,12.2662,27.092131108463782,11.750906193383026,1.6177850444357555,1.4843242298747208,17.0,1.0,1,0
261,10,p4,10.5,11.0969,26.953097927841448,11.787764971685315,1.0662807322651948,1.0937727532476662,22.0,1.0,1,0
262,10,p5,9.9096,10.0492,26.6588990544723,10.828336577112594,1.2139203639448513,1.1874874083022264,21.0,1.0,1,1
263,10,p9,5.0476,11.4557,27.087181900525927,13.587091922431128,1.2372170747286024,1.282916454705846,32.0,5.0,1,1
264,10,p10,4.3609,13.0119,22.509688391188217,10.121913917300533,1.2522013017083156,1.2495968488019522,39.0,17.0,1,0
265,10,p11,4.6962,10.3398,18.50392852365784,11.064444931709225,0.9159162079579112,0.9809739097785178,39.0,21.0,1,0
266,10,p12,4.7273,11.1707,18.53780111093849,11.473187228844733,0.998267909931998,0.9814095285270551,39.0,21.0,1,0
267,10,p15,5.4529,9.5951,17.33637695318346,9.631181160502873,1.1170552179726838,1.0651493020167788,39.0,26.0,1,0
268,10,p16,5.4953,10.3872,17.340278870145642,10.421636096350019,1.101535460164583,1.056458821129967,39.0,26.0,1,0
269,11,p0,6.0469,12.0564,19.564693439702,13.959109981742193,1.2631295143412649,1.1754598694368477,21.0,6.0,1,0
270,11,p1,10.0257,11.4462,20.867259681264226,16.835891038378435,1.0288307635369385,1.2211944273471218,21.0,6.0,1,1
271,11,p2,9.4894,10.6935,21.424246842993227,12.42244274526493,1.8326263257958508,1.369307223279116,21.0,6.0,1,1
272,11,p3,9.6821,9.8042,20.193270491317218,8.215809265829902,1.3302962226511807,1.211362020636404,21.0,6.0,1,0
273,11,p5,12.7389,10.3955,20.009720713521567,11.655068420681305,0.3122250790695712,0.8678331233595545,21.0,6.0,1,1
274,11,p6,13.0497,10.0819,19.90891877178786,10.833908580009147,0.2440612423143011,0.8567073012412115,21.0,6.0,1,0
275,11,p7,13.6525,9.5469,19.80090613006708,10.994035390064168,0.14397673423161114,0.8093453959836925,21.0,6.0,1,0
276,11,p20,5.8660000000000005,9.137,17.900801816606048,8.796657008653845,1.2435175310384652,1.1859341845965303,21.0,9.0,1,0
277,11,p21,5.7017,9.5957,17.7828293653199,9.413161789953085,1.2631463968994252,1.1913771479824542,21.0,9.0,1,0
278,11,p22,5.8816,10.3443,18.09848759603703,9.81918445477949,1.2820020982822142,1.212391491774638,21.0,9.0,1,0
279,12,p2,7.585,11.2647,20.012953736825672,11.866219781876008,1.2546467311558265,1.3440400206305538,15.0,4.0,1,0
280,12,p3,7.6298,11.7037,20.010615015141312,12.417317235515648,1.3397341266087088,1.3427297318593068,15.0,4.0,1,0
281,12,p4,7.6141,12.9177,20.298660359861426,12.867190208076966,1.3622143480377822,1.4210746898906417,15.0,4.0,1,0
282,13,p0,6.5324,14.9539,17.82257146241534,11.144332942129799,1.21258801742389,1.0530625345753322,15.0,1.0,1,0
283,13,p1,10.041,10.9408,19.28810586580755,9.770108243316828,0.29530711132649684,1.0445280666274477,15.0,1.0,1,1
284,13,p2,10.1806,11.7068,19.185532320589566,10.385541047418856,0.0419697510118895,1.1218354338539085,15.0,1.0,1,1
285,13,p6,18.0429,8.4041,5.093627782438547,8.447268041684849,0.6362985541394857,1.1930420795293897,15.0,1.0,1,0
286,14,p6,10.0159,6.4712,19.309291784051442,11.400625558199673,0.8741497354572615,1.1894576977885882,13.0,4.0,1,1
287,14,p7,8.7093,8.1559,18.590658561636328,9.507705947518831,0.5137803908286107,1.2298069348753866,13.0,4.0,1,1
288,14,p8,6.8474,7.7058,16.759663238820416,7.278618527872023,1.1149931658983383,1.0923315642207212,13.0,4.0,1,0
289,14,p9,6.7831,8.3184,16.715093501843242,8.10941560367896,0.9972781557820266,1.0772272577443351,13.0,4.0,1,0
290,14,p10,4.6781,9.8114,16.15704524039885,10.010873622863542,1.4931720630925294,1.4474302328664168,13.0,4.0,1,0
291,15,p0,5.3107,10.5155,20.352134267262727,15.663180984878961,1.3271289500270875,1.2704180376071406,19.0,1.0,1,0
292,15,p1,11.4974,11.5276,27.50361254031713,11.43292654603503,1.310248007058206,1.237941035440511,19.0,1.0,1,0
293,15,p2,14.1253,10.1292,27.51306109189839,12.500575431818351,1.105454318368697,1.230703704004865,15.0,1.0,1,0
294,15,p4,14.8367,11.6241,27.2124114974562,14.20478572865014,1.6124729734169192,1.5428248791509267,11.0,1.0,1,1
295,15,p5,15.6779,9.8412,22.305474241937038,10.871344031202733,0.5893429986009845,0.2469173738737724,19.0,1.0,1,0
296,15,p6,15.6961,10.2588,22.90469420332454,11.38768466168953,0.3430724704781776,0.27660640396967223,19.0,1.0,1,0
297,15,p7,16.2881,10.4378,23.33864423754689,9.039255346011972,0.4962242335880021,0.34132000931668394,19.0,1.0,1,1
298,15,p18,22.1984,8.2034,10.858664476652772,8.743634193070234,1.2831234702864724,1.0844153232176443,19.0,7.0,1,1
299,16,p1,8.6823,9.7621,20.230998576534983,8.223324599222094,1.1137675251146444,1.228862669999114,15.0,4.0,1,1
300,17,p20,11.5875,10.4184,13.033613881875924,22.30359480832197,0.5502431826020201,1.1908581499934887,13.0,1.0,1,0
301,17,p21,12.3194,10.0852,14.025287899951387,22.305181526558922,0.8369100369812755,1.1737853755433774,13.0,1.0,1,0
302,17,p22,13.772,9.474,15.593092854149067,23.466584862667407,0.7357519486892303,1.5657218037202318,13.0,1.0,1,1
303,17,p23,11.1087,8.4496,11.070393483973993,22.52608148623789,0.8260840453610032,1.434381255899556,13.0,1.0,1,1
304,17,p24,8.9973,8.4336,9.355767110726381,20.52500416856233,0.4859164640141348,1.3393743446178483,13.0,1.0,1,0
305,17,p25,10.9602,7.2455,11.590834934849156,20.072067620616764,1.1020443230650934,1.2991864369799733,13.0,1.0,1,0
306,17,p26,11.5584,7.3957,11.926930888597198,20.36408231556338,1.1025850534085797,1.3209261775360932,13.0,1.0,1,0
307,17,p27,12.6839,3.6401,11.614954477878886,18.380304101376897,1.6561334487292985,1.6401088599286466,13.0,1.0,1,0
308,17,p28,13.1946,3.7915,12.076934646427294,18.855093777662507,1.5804347914418992,1.6767780117766735,13.0,1.0,1,1
309,17,p29,14.1158,5.2322,14.27765484930748,19.824692466511145,1.5493156295603554,1.5937784792790295,13.0,1.0,1,0
310,17,p30,14.7593,4.9478,14.848026262731825,19.722309841541783,1.514923271984426,1.617830467720406,13.0,1.0,1,0
311,17,p31,15.556,5.1211,15.343838418313485,19.8608821262568,1.5617779131489855,1.6167097662060532,13.0,1.0,1,0
312,18,p0,12.0711,7.635,11.282143964976502,19.888868782590784,1.3733520815872382,1.4463240267545865,17.0,7.0,1,0
313,18,p1,12.7993,7.8146,11.991929896940267,20.085412236359282,1.420984180066759,1.453243469240155,17.0,7.0,1,0
314,18,p2,14.6603,8.3083,14.975957276539258,21.33123187589532,1.5417084062818105,1.5984595715256797,17.0,7.0,1,0
315,18,p3,13.9094,8.6542,12.76557025636977,21.345114440441815,1.0959873448174482,1.4857813075089488,17.0,7.0,1,1
316,18,p4,12.44,9.9105,9.102388588245324,20.79189080121708,1.600650945709276,1.3145631083499965,17.0,7.0,1,1
317,18,p5,11.7814,9.2624,8.710552017064716,20.402310451613644,1.2559802864694969,1.3492243556388366,17.0,7.0,1,0
318,18,p6,11.2936,8.7823,8.190826169923971,18.804750458692105,1.246259142393748,1.1287351077008996,17.0,7.0,1,0
319,18,p7,10.6774,8.9767,7.663544795607537,19.05946408918755,1.235349059982643,1.1282045982276712,17.0,7.0,1,0
320,18,p8,10.3938,7.8307,7.583899440049587,17.946494758938154,1.2561305983057651,1.119890411791896,17.0,7.0,1,0
321,18,p35,13.9565,6.3998,12.98666173977765,18.956452509017645,1.5957049382639636,1.5253789940178402,17.0,7.0,1,0
322,18,p38,10.8371,6.4987,10.379470741274742,17.676715026832486,1.3103192359116156,1.248471847056693,17.0,7.0,1,0
323,18,p39,7.1553,13.2527,19.18390176502545,11.559749168036024,1.3521175429673264,1.4804313000988918,17.0,7.0,1,0
324,19,p84,33.5257,19.8127,27.81648828282637,36.55460020935604,0.9717879038144074,1.1516225143567569,27.0,5.0,1,0
325,19,p85,33.9704,19.6306,28.45376390372864,36.54064270605222,1.0495727988091157,1.1637393175958315,27.0,5.0,1,0
326,19,p86,33.961,20.3569,28.886880030863882,36.892204098130414,0.981434954543601,1.1119614638355089,27.0,5.0,1,0
327,19,p87,35.0501,19.8693,29.59293146247117,36.42631008265717,1.182614666744836,1.190047921191552,26.0,5.0,1,1
328,19,p88,34.2971,18.467,23.337460405854326,35.9212506152042,1.389028696607813,1.3264244085540131,30.0,5.0,1,0
329,19,p89,33.8909,18.2351,22.653761739100513,36.451787531272274,1.224578327425404,1.3265688423770965,31.0,5.0,1,0
330,19,p90,33.4245,17.9712,22.19890230343782,36.218454254520815,1.4046307699890388,1.3130727627737406,31.0,5.0,1,0
331,19,p91,36.1755,18.4501,25.9201056341224,36.41817230023554,1.253019125951396,1.2182597891045346,31.0,5.0,1,0
332,19,p92,36.7,18.8994,26.964733936861315,36.31797251171375,1.2940084427854404,1.2057915827160368,30.0,5.0,1,0
333,19,p95,36.6025,16.5274,31.47936323170873,36.60303646294317,1.5361357785039709,1.3376207534755835,29.0,5.0,1,0
334,19,p96,36.0872,16.0694,30.599980283229364,36.37587788082973,1.4718994327059167,1.3575705821918476,29.0,5.0,1,0
335,19,p97,35.4378,15.9487,30.03517998122199,36.6235614288735,1.4053335013440758,1.3816975985602358,29.0,5.0,1,0
336,19,p98,34.5665,16.1497,27.003441975086155,36.24546433990191,1.8232729088098687,1.5825172320532284,26.0,5.0,1,0
337,19,p99,33.9872,16.1733,26.63128132773826,36.52055658051663,1.7760023704939134,1.5940589193637067,26.0,5.0,1,0
338,19,p100,33.5442,15.5988,25.89751716985878,36.85113020373954,1.3139620276096262,1.2693996362244575,33.0,5.0,1,0
339,19,p101,32.945,15.2692,25.399616045689722,36.56020018235068,1.3098336726470272,1.26663142576172,33.0,5.0,1,0
340,19,p102,32.0316,15.1651,24.245223957607344,36.95389015604764,1.4125688160227805,1.2748203060436991,34.0,5.0,1,1
341,19,p107,33.3066,13.8911,18.09388497191933,36.203883823505095,1.4182068255370934,1.519887324108484,34.0,5.0,1,0
342,19,p108,33.1121,12.1878,21.88231952418591,36.57699177923536,1.341743198231316,1.3721642977304018,37.0,5.0,1,0
343,19,p109,33.6559,12.2705,22.445465171654373,36.75008325420223,1.400412185751038,1.3796265557385041,37.0,5.0,1,0
344,20,p63,15.0578,4.1767,12.699546415205516,-2.242287714952428,0.08094689617273783,1.020465779276859,50.0,38.0,1,0
345,20,p183,13.5395,16.4536,13.315068488655331,36.696392725313224,1.3381418534669631,1.4462603761778663,59.0,38.0,1,0
346,20,p184,12.8872,16.5479,12.297989985435553,36.73017057331918,1.4080149146937329,1.4458475162738664,59.0,38.0,1,0
347,20,p186,7.5179,14.6143,3.2199570914124305,31.18739837486515,1.408181085656245,1.4300781174892954,55.0,38.0,1,0
348,20,p195,13.697,14.2469,13.197469272748124,37.23361979722181,1.3537471846692792,1.4374026183914237,63.0,38.0,1,0
349,20,p196,12.9806,14.1661,12.510364930242355,36.46088822100127,1.3670128346142183,1.4439055026383454,62.0,38.0,1,1
350,20,p197,9.593,14.5786,3.778184060071224,36.48789038431397,1.449118311249982,1.5385318977560134,61.0,38.0,1,0
351,20,p198,13.5177,12.4353,12.154841848940404,37.18983958369013,1.4303910584172426,1.4194539758217215,66.0,38.0,1,0
352,20,p199,12.8174,12.387,10.89476718959146,36.864246633250296,1.2468837515983595,1.3925367334749483,66.0,38.0,1,0
353,20,p200,12.5967,12.0149,10.509421124697807,36.6293191876473,1.3842618249449776,1.4087040181282735,66.0,38.0,1,0
354,20,p201,11.7815,12.1865,9.863866387444252,36.90492127507192,1.2878448237268338,1.4112275561415497,66.0,38.0,1,0
355,20,p202,9.7998,11.4344,5.820050286667037,37.14475420888829,1.363119517870682,1.4048547560004356,68.0,38.0,1,0
356,20,p203,9.035,11.799,4.976094378721144,36.70911784630988,1.4871181526697868,1.403898908392916,67.0,38.0,1,1
357,20,p213,13.8807,9.1869,11.200269948971117,36.989023057686296,1.4393475535811355,1.3878216128557666,76.0,38.0,1,0
358,20,p214,12.9428,9.0481,10.400635747114924,36.90731251536798,1.4529180706426637,1.4005372406232155,76.0,38.0,1,0
359,20,p216,12.6715,8.1003,8.938541556096812,36.58691473959658,1.6358732041328876,1.3908698802002455,78.0,38.0,1,1
360,20,p217,11.6682,8.0752,8.35346390414864,36.63044938667714,1.5971047335725983,1.3540813878951277,78.0,38.0,1,0
361,20,p218,12.9062,6.4269,11.994932905444285,37.20631009432419,1.4487017360381675,1.4838593939857554,74.0,38.0,1,0
362,20,p219,13.4693,6.3305,13.08413558143898,36.48289211696733,1.502551117266897,1.4765177197484745,73.0,38.0,1,0
363,20,p220,14.3883,6.2967,14.178690286806788,36.842682282972326,1.6784381102679955,1.4881001648164383,73.0,38.0,1,1
364,20,p221,11.3272,5.7482,4.649344135864299,36.67335347606805,1.4224982425296702,1.4022229959520929,81.0,38.0,1,0
365,20,p222,10.6847,5.6567,4.096165964240209,36.757243449855366,1.359539940568132,1.4127337689952209,81.0,38.0,1,0
366,20,p223,10.5091,7.0181,1.7172139698559423,20.54588429025033,1.4710277529672922,1.4353230139969049,54.0,38.0,1,0
367,20,p224,9.8232,6.9092,1.9925198300823403,20.91089372398145,1.4160250880545866,1.4720208589347759,53.0,38.0,1,0
368,20,p227,14.1548,3.8854,14.316404763900836,36.72513946019284,1.55137573140745,1.4806666544453335,76.0,38.0,1,0
369,20,p228,13.6064,4.1845,13.4064996895825,36.84700636122341,1.4267498764674906,1.4629538917037843,76.0,38.0,1,0
370,20,p229,13.1959,4.3915,12.77090693642664,36.834371047462355,1.4051833652587835,1.4517362608426367,76.0,38.0,1,0
371,20,p230,11.0704,3.9386,2.9858134575678004,31.752285057417666,1.3278204773236475,1.437624899112125,74.0,38.0,1,0
372,20,p231,10.3719,3.9615,3.116093322115575,32.24870907230772,2.14235768488831,2.314816055471681,59.0,38.0,1,1
373,20,p234,13.8668,3.8101,11.830916075479916,36.59608795619379,1.350908324054597,1.3937499374735889,81.0,41.0,1,0
374,20,p235,13.3382,3.7177,11.121172513376909,36.95981695858384,1.2742221548850892,1.3792371788796207,82.0,41.0,1,0
375,20,p236,12.255999999999998,3.7683,10.473023670794873,36.91348146481405,1.3101817278530483,1.4452432809103386,80.0,41.0,1,0
376,20,p237,11.5657,3.5331,9.785411624589845,36.56515389401672,1.3989936990565754,1.4442347933733228,80.0,41.0,1,0
377,20,p238,14.3237,4.6483,13.2087933970645,37.15146111394189,1.243044524544475,1.5758106924534665,79.0,44.0,1,1
378,20,p239,13.6523,4.6039,12.394325624860773,37.08965536438687,1.1787858499320392,1.5696501175884785,79.0,44.0,1,0
379,20,p240,12.5233,4.4582,10.152667246230711,36.498870285407634,1.3632075593980546,1.4273474532003212,82.0,44.0,1,0
380,20,p241,11.9139,4.5387,9.538784643794294,36.65898636550539,1.3178287787114076,1.4309065026757652,82.0,44.0,1,0
381,20,p242,10.8142,4.5252,9.644824882010047,36.4059398940814,1.9266246391033204,1.8207720105815504,74.0,44.0,1,0
382,20,p243,10.8198,3.2781,5.992134573689362,36.971652939277796,1.503114872523055,1.5193845808292434,83.0,44.0,1,1
383,20,p244,13.1349,3.8504,4.887634211470152,36.73318909525911,1.7765954660529786,2.185009577178267,71.0,44.0,1,0
384,20,p245,13.8051,3.2334,16.479307129433515,36.461285338841336,1.461998840628815,1.7202617308828765,77.0,44.0,1,0
385,20,p246,14.4387,3.4434,17.444820960831855,36.566634862330105,1.2379039421538331,1.703086988456362,77.0,44.0,1,1
386,20,p252,12.6968,4.8173,13.507903601587742,36.415653547501385,1.6097183511409692,1.5760043963167911,81.0,47.0,1,0
387,20,p253,10.9374,4.1477,4.095472717555365,36.680664628115004,1.5221765797699032,1.4940370015780031,85.0,47.0,1,0
388,20,p254,13.5306,3.6306,12.282464371986274,36.97350054276525,1.5746691335007492,1.5794242446606597,83.0,47.0,1,0
389,20,p255,12.697,3.0780000000000003,10.107302209220087,36.89350173375783,1.5146470248873167,1.3848521474292292,89.0,47.0,1,0
390,20,p256,11.9242,3.0073,9.018725979452588,36.84316733005574,1.3598212713441424,1.3822512140919094,89.0,47.0,1,0
391,20,p260,13.8124,5.0811,13.246361431688149,37.114119568827576,1.5534878242200676,1.5905924266988347,85.0,51.0,1,0
392,20,p261,13.259,4.993,12.753537759110673,37.036178036012274,1.5868532698394016,1.5932984277746691,85.0,51.0,1,0
393,20,p262,12.7633,4.8961,12.257943081431645,36.894176541630976,1.6255787215634934,1.5918505347323084,85.0,51.0,1,0
394,20,p263,12.0274,3.6342,6.688987643733021,36.850048340009934,1.2589666635777137,1.36961076976244,93.0,51.0,1,1
395,20,p264,11.0185,3.8222,6.156051698398089,36.54309014334425,1.3576120543071206,1.3739207329531486,92.0,51.0,1,0
396,20,p268,13.4385,3.1408,11.891443697624867,36.81663220556421,1.4693258896514414,1.5116053474861753,92.0,54.0,1,0
397,20,p269,11.3301,3.7855,6.5581486936509785,36.441958075481615,1.391321479745066,1.6027235039505903,89.0,54.0,1,0
398,20,p270,9.7799,7.095,7.008160230679527,37.079072876395934,2.9346124037085373,2.3307324522060293,79.0,57.0,1,0
399,20,p271,12.6769,4.4379,12.528506817788587,36.42824620734053,1.136743577065646,1.5347544538800686,92.0,57.0,1,0
400,20,p272,14.2063,3.6788,13.258356464229829,37.17499897220765,1.165401098334818,1.5752854138518455,93.0,57.0,1,0
401,20,p279,12.8916,4.9609,8.59111504865559,36.79438978676179,1.7653849693480457,1.7602410914261903,92.0,61.0,1,0
402,20,p289,14.018,4.0958,15.02420225268544,36.83384007787375,1.4801380104571331,1.6818506346883697,97.0,64.0,1,1
403,20,p290,11.1134,3.4121,3.348419440259849,37.13036705657957,1.4314423390412905,1.3838828583574787,107.0,64.0,1,0
404,20,p291,10.5043,3.1432,3.357271772015987,32.436916966849985,1.277180214378535,1.3599535660491802,101.0,64.0,1,1
405,20,p292,10.4734,4.1776,3.099477137288435,32.73612327957495,1.3642009419436714,1.328918478179074,101.0,64.0,1,0
406,20,p296,10.9973,3.8561,8.413447226613123,36.95383300813229,1.389338148184235,1.4864991015778035,105.0,67.0,1,0
407,20,p298,12.16,4.6083,10.454917491379902,36.85862646048894,1.4608180311044905,1.3719266154459793,107.0,67.0,1,0
408,20,p299,12.8159,3.9082,11.07118502727163,37.0298775203396,1.4148622724491595,1.4462211937984748,106.0,67.0,1,0
409,20,p300,13.0927,4.6429,11.079328291696179,36.62211985203777,1.3243984483530626,1.353663662091508,107.0,67.0,1,0
410,20,p301,13.533,3.6196,11.812040502493698,36.77767911846036,1.36229829699666,1.412713039137775,107.0,67.0,1,1
411,20,p302,14.4145,3.6668,13.728725488874705,37.251657970835375,1.8951477514959092,1.6181443586793698,105.0,67.0,1,1
412,20,p303,11.8993,2.7942,6.792140155966598,36.325895251387756,1.6223848156340712,1.719663237853655,101.0,67.0,1,0
413,20,p307,10.9259,3.5249,10.002584263026108,37.03470307774757,1.2032589912400404,1.3250940987520259,114.0,71.0,1,0
414,20,p308,11.3987,3.4939,10.424898274509182,36.9893882949271,1.2203956407657313,1.3261118531369795,114.0,71.0,1,0
415,20,p309,11.8168,3.4816,10.909026940107104,37.07237519385737,1.2942499488120522,1.3320766470332577,114.0,71.0,1,0
416,20,p310,12.332,3.6023,11.545627766186056,37.006715132753186,1.3261384920135604,1.3263129319808318,114.0,71.0,1,0
417,21,p293,31.3281,13.2461,20.85423014467785,36.58634363675024,1.3506388895630097,1.4199206931081432,110.0,81.0,1,1
418,21,p294,32.0747,13.4017,21.471679291907673,36.31345721708074,1.3936764079225852,1.403136333499918,110.0,81.0,1,1
419,21,p295,32.6819,13.8075,22.0451726187985,36.57687523900575,1.3600263306274625,1.3915836896677587,110.0,81.0,1,0
420,21,p304,30.5516,14.1991,24.11393553761065,36.69798825722016,1.6869816744707098,1.7573646856934764,102.0,81.0,1,1
421,21,p305,33.2521,10.4229,20.476500053600148,36.137201932699625,1.5078567106989975,1.4289444393157469,115.0,81.0,1,0
422,21,p311,30.3542,11.1834,17.6619011597797,36.6030696718432,1.4968102251120547,1.5612870584405538,111.0,81.0,1,0
423,21,p312,30.7835,11.6521,18.772322696411763,36.451686520329105,1.5518239623101584,1.5578687787806151,110.0,81.0,1,0
424,21,p313,33.0318,9.44,21.51779458027589,36.24140496813354,1.3265430298335594,1.422326813044826,115.0,81.0,1,0
425,21,p314,33.4202,9.6494,22.24311968211067,36.68847841702152,1.2062833249282692,1.4201036012239268,115.0,81.0,1,0
426,21,p315,35.1903,10.4096,31.06437389021563,36.468080693374986,1.4202546954683868,1.4828697287655703,110.0,81.0,1,0
427,21,p316,34.9305,12.2259,23.50290991908861,36.77204411538793,1.3940964134520968,1.4433335449805302,112.0,81.0,1,0
428,21,p317,35.3414,12.4334,24.000480813427863,36.74948602878068,1.3897260053694038,1.429176285353429,112.0,81.0,1,0
429,21,p318,30.1041,10.1143,18.592391810180747,36.866942903785564,1.6582265044317681,1.5677831687391477,112.0,81.0,1,0
430,21,p328,32.4517,8.2611,16.562707576199493,36.57068912902794,1.4855704796474651,1.6182824377002327,115.0,81.0,1,0
431,21,p329,31.9177,7.8813,16.236468396682177,36.15294230039328,1.3785924706018091,1.6034345550377824,115.0,81.0,1,0
432,21,p330,30.3219,8.6578,18.17394379551409,36.6360384596926,1.6648825123713684,1.6045792236708485,113.0,81.0,1,1
433,21,p331,34.2871,8.5853,28.423995367131056,36.492979587425744,1.7479927059344385,1.6875129983637174,109.0,81.0,1,0
434,21,p332,34.9461,8.6984,29.340516856376627,36.73516287547926,1.6946292131318874,1.6870732885563218,109.0,81.0,1,1
435,21,p333,36.1226,8.9892,29.365324413928512,36.470374453632026,1.4237861812786357,1.4732309850600491,113.0,81.0,1,1
436,21,p342,35.6601,7.4697,26.38738259270886,36.787030502741594,1.6420973174571596,1.6813870441167746,112.0,81.0,1,0
437,21,p343,35.8785,5.9296,32.211421536646036,36.83837739501949,1.5690483294022528,1.7120455948679645,112.0,81.0,1,1
438,21,p344,37.8697,4.4848,23.852920049515404,36.71475486664032,1.224671792767352,1.551657401474476,127.0,81.0,1,1
439,21,p345,38.3417,4.6051,24.798390798461558,36.33737074165963,1.2903392305901575,1.5243001804570617,127.0,81.0,1,1
440,21,p348,35.8228,3.4948,22.297724895068146,35.595617732451814,1.4908105479905889,1.3355449772811887,129.0,81.0,1,0
441,21,p349,36.6224,3.1015,22.934315773067798,33.584443402028235,1.5384772211508364,1.4666651292794197,129.0,81.0,1,0
442,21,p350,37.0975,3.4809,23.73410290385256,34.073022017463124,1.5596485020670523,1.4919198812188008,129.0,81.0,1,0
443,21,p351,40.1594,3.492,18.614980306726004,29.957196177019316,1.1662085276656142,1.3355642089224795,129.0,81.0,1,0
444,21,p358,34.1162,3.743,17.76637196500136,36.15272026378996,1.7055178216600375,1.623590434354539,123.0,84.0,1,0
445,21,p359,34.5585,4.1544,18.289449111118728,36.6364931705784,1.7630624180669272,1.6555444161479769,123.0,84.0,1,0
446,21,p360,37.3024,4.376,18.038225166203603,35.93201561535093,1.5709179641216149,1.8585381134506969,120.0,84.0,1,0
447,21,p372,34.154,3.8571,14.198808862530893,36.23137986361574,1.7748168722434436,1.7451705759875686,127.0,87.0,1,1
448,21,p373,35.9076,2.5701,15.771573845529447,29.056447436149288,1.5490550990846002,1.4153604265715105,129.0,87.0,1,1
449,21,p379,35.3543,4.9477,23.741649024156338,35.57512283082213,1.4514703855056776,1.5312369557245842,129.0,91.0,1,0
450,21,p380,36.1248,2.8771,18.448547442650252,33.001001866130075,1.3849059498752976,1.5883943069780484,129.0,91.0,1,0
451,21,p388,35.5101,4.2328,19.41429791445816,32.924588719259106,1.5861171488890724,1.6188931516193958,129.0,94.0,1,0
452,21,p389,38.1083,4.2295,24.635287527188286,29.23565581771682,1.248883409290075,1.3397645330960721,129.0,94.0,1,0
453,21,p390,38.0382,3.3976,24.274530405479673,28.341787515861053,1.2672331513971689,1.3458701762599543,129.0,94.0,1,0
454,21,p391,35.7809,2.99,20.94330187908725,34.57399798252916,1.5622779266186924,1.7110127270080568,129.0,94.0,1,1
455,21,p394,36.6364,4.3796,23.297269984713502,28.104770422552797,1.2743318327657047,1.3899382122523989,129.0,97.0,1,0
456,22,p0,20.8487,11.0375,19.7111136878687,31.269915302572866,1.467876977133983,1.528336977748885,34.0,14.0,1,1
457,22,p1,20.6545,12.7151,19.292653905696426,31.191172688039327,1.679566521457248,1.69073772930899,30.0,14.0,1,0
458,22,p2,15.9966,10.8576,11.250081422247236,30.14849170102355,1.3462516332394918,1.4126432073940451,35.0,14.0,1,0
459,22,p3,16.5942,11.0567,11.793005356910644,30.41202473228973,1.3889126682408797,1.4253584817161995,35.0,14.0,1,0
460,22,p4,19.7027,13.0765,18.003304522278572,31.141221629678373,1.5560838345024992,1.5474727016931835,31.0,14.0,1,1
461,22,p7,18.2193,14.5537,17.536660773508288,31.24332280315433,1.6058859859902879,1.5774538189348306,29.0,14.0,1,0
462,22,p8,18.8671,14.7231,18.17297331689842,31.25689953543068,1.5633474629780804,1.5496648071869277,29.0,14.0,1,1
463,22,p9,17.6673,12.8785,13.330215987486431,30.35682813048296,1.1537314158849972,1.2408632181882984,35.0,14.0,1,0
464,22,p10,17.2025,12.6882,12.828798366483312,30.193381573523816,1.1484473779847295,1.2415987063964573,35.0,14.0,1,0
465,22,p11,14.4323,13.3857,10.712547528560822,31.02054852567666,1.5895328873603087,1.544597330802866,31.0,14.0,1,0
466,22,p12,15.1179,13.4467,11.524235965580274,31.247218334073338,1.6865492729238598,1.5695798986003708,31.0,14.0,1,1
467,22,p13,15.6969,14.1251,12.06884490934587,31.290425681212913,1.3123691591926412,1.3269879811491971,33.0,14.0,1,0
468,22,p14,16.1213,14.5149,12.55895851344249,30.98783244027405,1.3036026465146502,1.3229215058832549,32.0,14.0,1,0
469,22,p15,14.4675,11.9132,8.984709963108429,27.753052099146448,1.1321492525281285,1.125863553818495,35.0,14.0,1,0
470,22,p93,11.545,9.0708,29.758924571749105,3.284669849063568,1.2749377435780935,1.3622462185812807,35.0,14.0,1,0
471,22,p94,12.0396,9.8078,29.882447498477923,3.988185158831877,1.3393736483894252,1.3388477974680877,35.0,14.0,1,1
472,22,p95,15.8995,8.5228,13.34141180597742,27.052322683747306,1.2498262159196374,1.3083229654996933,35.0,14.0,1,0
473,22,p96,16.6026,8.8075,13.539616500084234,27.484387764061772,1.211049668675897,1.3218692165935748,35.0,14.0,1,0
474,22,p97,17.6076,10.4573,15.748739915100767,31.252943823105163,1.6406348649227225,1.5943223912720057,34.0,14.0,1,0
475,22,p98,21.3331,9.6068,18.255407479430133,30.972217483057836,1.3877017871286323,1.648070555666716,34.0,14.0,1,0
476,22,p102,20.1164,8.9858,16.80674773639144,31.210966415154978,1.667626759799686,1.8451450048050144,35.0,14.0,1,1
477,22,p103,15.4358,8.0191,5.054494255899783,28.12409486303473,1.711021648022023,1.6903795157333783,35.0,14.0,1,0
478,22,p104,15.1409,7.4805,6.185287229318192,28.39431792735501,1.4520418520139151,1.682191186998219,35.0,14.0,1,0
479,22,p105,20.6732,6.9719,20.028701653219798,21.060076121661385,1.525140796779104,1.374482303930718,35.0,14.0,1,1
480,22,p108,16.8892,4.7139,14.00200227952667,20.287933740895163,1.29651132274269,1.0946567954795166,35.0,14.0,1,1
481,22,p109,18.1589,4.4274,15.312316481571314,20.858918098023288,1.366454408313721,1.292396446560122,35.0,14.0,1,0
482,22,p110,18.6615,4.1896,16.103466917930948,20.80457427866038,1.3473789073605091,1.317126216053468,35.0,14.0,1,0
483,22,p111,19.2702,4.4883,16.895415126428706,21.01214879839237,1.3255541935356698,1.2686958213782722,35.0,14.0,1,0
484,22,p112,20.0251,4.5042,19.001317434029843,22.355497501143407,1.5472885994538963,1.4139441455401258,35.0,14.0,1,0
485,22,p113,20.5673,4.4842,19.727830771683106,22.343085299751667,1.583498285442709,1.468987769024913,35.0,14.0,1,0
486,22,p114,16.975,3.8231,11.295609235272286,19.18038799292434,1.4431057792137068,1.2327719288494507,35.0,16.0,1,1
487,22,p115,17.8911,4.0237,11.698855821511405,19.101860733726536,1.3059101653636058,1.2126105872297872,35.0,16.0,1,0
488,22,p116,18.6996,3.9559,12.380396796887965,19.23157272634134,1.3270616036944178,1.2411377375246322,35.0,16.0,1,1
489,22,p117,20.4086,4.6071,18.6376690281066,21.077445556294265,1.4080705983721131,1.343093896299192,35.0,16.0,1,0
490,22,p118,20.869,4.6648,19.086469104053613,21.041542369918748,1.29410640984426,1.2466336076689168,35.0,16.0,1,0
491,22,p120,17.5945,2.7872,12.588224631479529,18.016025754525412,1.3665297435475017,1.3067060510916544,35.0,18.0,1,1
492,22,p121,19.2368,4.2036,14.189994699625835,18.148882681693326,1.3749829962584992,1.1836044565235633,35.0,18.0,1,0
493,22,p122,19.705,4.4035,14.578624306332145,18.099110472331933,1.2807712715391455,1.1736528638824208,35.0,18.0,1,1
494,22,p123,19.4347,3.0725,21.019383935541416,19.8784191155598,1.427108002219874,1.4043464301041828,35.0,18.0,1,0
495,22,p124,20.1011,3.3295,21.707081683680464,20.06984890692952,1.3616898398680957,1.3920679677780967,35.0,18.0,1,0
496,22,p125,20.6836,3.3212,22.260726618943487,20.11038450563623,1.4128377861594728,1.3983126166594555,35.0,18.0,1,0
497,22,p126,17.9697,4.2956,18.097830289396857,19.75842835016568,1.6859071208106335,1.5139883986360971,35.0,21.0,1,0
498,22,p127,18.433,4.4979,18.609549174225556,19.86256994834467,1.6334796754168692,1.4951240635852014,35.0,21.0,1,0
499,22,p128,18.9247,4.6888,19.18482413566911,19.929871926178087,1.643994659358722,1.4796847870009215,35.0,21.0,1,0
500,22,p129,20.1115,4.0491,20.22053373928533,18.534858368160783,1.4137221403090494,1.3651025649648505,35.0,21.0,1,0
501,22,p130,20.6619,4.0175,20.832127922997305,18.55895743648799,1.3704318151590031,1.3700812002786018,35.0,21.0,1,0
502,22,p133,17.594,3.5818,13.630693693303096,16.289333027246926,1.214805239534305,1.3724986521747318,35.0,23.0,1,0
503,22,p134,18.2843,3.4403,14.452026995689886,16.302942004152904,1.4549385176013452,1.4106667423168746,35.0,23.0,1,1
504,22,p135,19.6476,3.5163,18.005052587995372,17.157241217918944,1.437257990063023,1.4522761465453562,35.0,23.0,1,0
505,23,p57,19.2099,11.4863,17.801617672385024,36.27655162871842,1.1161978050506998,1.054952987716834,66.0,13.0,1,0
506,23,p58,18.0971,11.7626,16.573150271680007,36.45910768608041,1.011421875381386,1.0255063342043886,66.0,13.0,1,1
507,23,p59,16.4708,13.3753,15.387229427047489,36.33884284991272,1.5854694099855726,1.5053601470025857,37.0,13.0,1,0
508,23,p60,15.9076,13.2645,14.687500905370126,36.209546047250136,1.6008015242371554,1.5066546527703408,37.0,13.0,1,0
509,23,p61,17.0194,13.9406,15.866303780051947,36.54790876994766,1.6034643806458564,1.4784108506613998,37.0,13.0,1,0
510,23,p62,16.1027,10.5533,12.781930058525894,35.94568341791903,1.2949989111964535,1.3315935805488377,44.0,13.0,1,0
511,23,p63,15.3962,10.3629,11.916000431886776,36.44507535063918,1.2204821670143322,1.3341568700700464,45.0,13.0,1,1
512,23,p64,19.7904,12.3443,18.467206172713833,35.94465979766745,1.3934375084660238,1.3365971579701232,41.0,13.0,1,0
513,23,p65,20.2476,12.4294,18.960392114222397,36.09922290464247,1.3049204190294517,1.3376576534716311,41.0,13.0,1,0
514,23,p66,19.4752,9.8585,18.979107537311254,36.470431441050344,1.3075007762904003,1.3437487631958347,54.0,13.0,1,1
515,23,p67,18.7686,9.8657,18.552686722292897,36.44643505344665,1.3361867010264694,1.3393415183215325,54.0,13.0,1,0
516,23,p71,15.9802,9.1436,10.471405496298537,36.14810304300403,1.2449014097509892,1.5060941308913176,43.0,13.0,1,0
517,23,p72,15.2522,8.8106,9.591791029545094,35.94342322047944,1.3184992870684458,1.5183876354014223,43.0,13.0,1,1
518,23,p73,17.0136,7.9449,13.324524276078147,36.078260040298794,1.3954595551287041,1.4186878330509385,46.0,13.0,1,0
519,23,p74,18.2468,7.9182,14.016275079627922,36.241842386929356,1.3536459101256872,1.4333178239435935,46.0,13.0,1,1
520,23,p75,15.9739,7.1181,12.320358473218372,36.39591829280257,1.3690257338706238,1.4671867549946755,47.0,13.0,1,0
521,23,p78,19.5269,5.768,15.419427332735493,36.303368894366585,1.3809405237011476,1.3509031524463124,59.0,13.0,1,0
522,23,p79,19.1601,6.0236,14.740318432180276,36.470838194243406,1.375957139594108,1.3182083730457816,59.0,13.0,1,0
523,23,p80,18.5871,6.2006,14.088897383848026,35.816908146532974,1.3309021188652457,1.329700569151,58.0,13.0,1,0
524,23,p81,17.329,4.7187,13.986858328905065,36.14616462630696,1.506143432744704,1.5215557422290522,49.0,13.0,1,0
525,23,p82,16.7113,4.5897,14.813308696300824,36.37951221902691,1.4628049904208011,1.5083395699665625,49.0,13.0,1,1
526,23,p88,17.1872,3.0279,6.794566953163598,35.77809990719779,1.158059415574175,1.144718871976507,68.0,16.0,1,1
527,23,p89,19.4492,3.8437,12.699892837457677,35.69438558099834,1.4919346902595974,1.3544419667997023,58.0,16.0,1,0
528,23,p91,20.203,3.3038,20.529622858237303,36.480157705152024,1.4350163762131778,1.458542233096869,56.0,17.0,1,0
529,23,p92,19.5779,3.2327,20.04333664417593,36.26880384329858,1.4420344101303546,1.4522544483905075,56.0,17.0,1,0
530,23,p93,18.0875,2.7034,11.927586867407904,35.91535671141926,1.0604499045216609,1.2264196736736166,64.0,17.0,1,0
531,23,p94,16.5718,3.4521,9.327514258208813,36.26291197980004,1.169306482492935,1.2779653617187958,64.0,19.0,1,1
532,23,p95,17.2107,3.4855,10.263529561102843,36.145986612458344,1.2062070883558926,1.2677738790921798,64.0,19.0,1,0
533,23,p96,16.6328,3.1163,8.824563130840096,36.16906257526987,1.157789082691662,1.2622095610852575,67.0,21.0,1,1
534,23,p97,17.5253,2.9416,9.643661259105908,35.85411811500018,1.1942760568645758,1.2600896402668669,67.0,21.0,1,1
535,23,p98,17.945,3.4336,10.055365207650633,35.910183955349396,1.1699873375383172,1.2664957834801345,66.0,21.0,1,0
536,23,p99,18.6256,3.5829,10.318868062813284,35.78683062498447,1.4009265112774474,1.272221762977103,66.0,21.0,1,1
537,23,p100,19.8039,3.0918,14.225957988769407,36.180836386078575,1.3856591391825046,1.3105202262772808,66.0,22.0,1,0
538,23,p101,20.2067,3.2129,14.579042259074829,36.472727064699285,1.4317994622152923,1.321546293217133,66.0,22.0,1,0
539,23,p102,19.8522,3.5352,19.25560719074054,35.92055181950725,1.2159713195630892,1.2736530957250047,69.0,26.0,1,1
540,23,p103,18.4285,4.1528,14.399137846447795,36.194126930863355,1.3847293201200008,1.4759970219830365,63.0,26.0,1,0
541,23,p104,17.4697,3.3433,14.209020502279278,36.368305910113385,1.1353997754095249,1.3196709380499578,69.0,26.0,1,1
542,24,p113,15.6266,12.969,12.123457276786425,28.894958892396282,1.3710806905503408,1.202673643084453,71.0,52.0,1,0
543,24,p116,23.2459,20.2461,19.746132511989703,0.816591867569076,1.5235467075216302,1.5585770274106887,71.0,52.0,1,0
544,24,p117,17.2562,9.8064,14.919457734898696,30.399517818504147,1.3868512717663708,1.64188257450721,71.0,52.0,1,0
545,24,p118,17.8552,9.6669,15.757304516897776,30.03458609162189,1.4181449996386124,1.6190352839426314,71.0,52.0,1,0
546,24,p119,18.0729,9.842,15.967965611879695,30.188154972495646,1.4301121914031782,1.6192440941507034,71.0,52.0,1,0
547,24,p120,20.2792,9.6508,22.2868750938658,36.29616684778574,1.9636303750960868,2.277439112628836,71.0,52.0,1,0
548,24,p121,17.0037,6.1765,16.906047338083013,22.754113253318106,1.3194192093493256,1.2338561383188558,71.0,52.0,1,0
549,24,p123,19.2582,5.3532,19.59627268730546,23.95157414726692,1.5613504571363854,1.4610308799090563,71.0,52.0,1,1
550,24,p126,16.0472,7.1019,16.35052033952918,22.84437215312932,1.6688781291634207,1.3081052626158174,71.0,54.0,1,0
551,25,p2,15.8876,23.3245,15.894655535247047,8.34800055485466,1.7871444065883428,1.8119346883348677,25.0,14.0,1,0
552,25,p3,16.9383,23.3184,16.47761926109642,8.129498200213076,1.8074016543093017,1.8524005836368769,25.0,14.0,1,0
553,25,p4,16.1647,26.0426,16.005040202337955,11.777913159702337,1.7731032485447653,1.6947374739535237,25.0,14.0,1,0
554,25,p5,16.9039,26.5008,16.440229678082087,12.087985378058928,1.5836917534671957,1.6983146765387152,25.0,14.0,1,0
555,25,p10,14.0757,11.2016,11.60180466273689,23.872846872263533,1.3530914418471502,1.4306117334650033,25.0,14.0,1,0
556,25,p11,14.716,11.1949,12.203829648605687,23.964260272239205,1.3491083018053074,1.4483613529032793,25.0,14.0,1,1
557,25,p12,14.0324,3.8709,13.50935764828146,16.01536923244889,1.6501444088321482,1.594668686230552,25.0,16.0,1,0
558,25,p13,14.5194,4.3772,14.729921956177554,16.499146137961752,1.597922157052715,1.5865198894269354,25.0,16.0,1,0
559,25,p14,13.6497,4.0636,12.99146814702451,14.03534226401851,1.6872693323829482,1.6632097957830807,25.0,19.0,1,0
560,25,p15,15.678,4.3062,17.36912707659313,14.23998366223665,1.4950285616000785,1.6409573360000134,25.0,19.0,1,0
561,26,p12,30.8939,12.9706,47.39558367427677,5.810069493428755,1.2461675328783044,1.2462630721953654,26.0,5.0,1,0
562,26,p13,31.2484,13.6271,47.44103981579885,6.4130222566133614,1.1701732905856297,1.2190196086932283,26.0,5.0,1,0
563,26,p14,30.8428,15.9787,40.594534490168,-2.1678267926155548,1.3605675433435858,1.2595415941309136,33.0,5.0,1,0
564,26,p15,31.0878,16.5109,41.30917143370724,-1.7037692718515831,1.2285492664114044,1.2314004460246584,33.0,5.0,1,0
565,26,p16,34.3907,17.2871,38.05553673210481,-2.3028366252584123,0.7677664814251792,1.1193264444763478,36.0,5.0,1,1
566,26,p24,35.0968,2.7946,25.701534067123042,28.567501561300816,1.2659182161577422,1.6447183412869129,42.0,5.0,1,1
567,26,p25,35.0999,3.153,28.381180352216422,29.48831737842542,1.2130995548593693,1.646055530702734,42.0,15.0,1,0
568,27,p27,11.2368,5.8834,8.493182955019046,29.288998363465566,1.5777535580691937,1.943418505764348,38.0,19.0,1,0
569,27,p28,11.7908,5.6911,9.044280435367623,29.310535125463915,1.5430950229976117,1.9648721969938883,38.0,19.0,1,0
570,27,p29,11.9502,3.6949,9.32552516768409,29.576085414950967,1.2359446994101313,1.6799991338146054,44.0,19.0,1,0
571,27,p30,13.5404,3.007,10.813034034651025,29.091190044519248,1.2612738521034994,1.7793186372441503,43.0,19.0,1,0
572,27,p31,10.2797,3.0472,9.852326545249632,29.079726349422025,1.6873591970887527,1.992584846593436,40.0,19.0,1,0
573,27,p36,13.188,3.6504,13.193001984318336,17.52949967528524,1.3078831216893962,1.2980805501718142,51.0,30.0,1,1
574,27,p37,11.1979,2.9387,9.302509188300244,15.746028733826801,1.1425873183262625,0.9981618739866308,51.0,34.0,1,0
575,27,p38,11.8124,3.1277,10.080664669696764,15.996433555095901,1.271949975431424,1.0677420559058783,51.0,34.0,1,0
576,27,p39,13.6397,3.2384,15.61176743137836,16.317615523402964,1.0583623245373013,1.1790589055630387,51.0,34.0,1,1
577,27,p40,11.6556,3.3731,5.555120593095231,13.856560428202725,1.239658307760651,1.2986653046979464,51.0,40.0,1,0
578,27,p41,12.1418,3.6085,6.083488269077224,14.054859597777805,1.4710776084217991,1.3136970877892564,51.0,40.0,1,0
579,28,p0,11.567,5.669,9.555032976265807,16.508735387443593,1.3842380322762409,1.4883182279165148,13.0,5.0,1,0
580,28,p2,9.9324,9.9417,7.133937546961421,19.448924201304518,1.20546897927736,1.2260737159764303,13.0,5.0,1,1
581,28,p4,13.5186,3.0645,13.762301446159336,13.989956588143134,1.391231202927824,1.4676295461075093,13.0,5.0,1,1
582,29,p11,30.0326,11.7212,46.77809083767602,6.783987597969795,1.3882645929360873,1.3889472052303249,19.0,1.0,1,0
583,29,p12,30.2403,12.3705,46.9315212146821,7.447112416621701,1.3798956518519796,1.3803831671660964,19.0,1.0,1,1
584,29,p13,30.2969,13.0197,46.92682157068139,7.922967407962718,1.3459325466010543,1.3765489248783185,19.0,1.0,1,0
585,29,p14,33.4438,14.3251,22.37066306448514,25.53519731642745,1.255310658761408,1.2545895427590092,19.0,1.0,1,0
586,29,p15,33.6457,14.6766,22.650668689567624,25.685335130096398,1.4132549734566655,1.2443880329493149,19.0,1.0,1,0
587,29,p16,33.7877,10.3759,49.85824863960861,5.644580866358389,1.3538088676028088,1.3128918659644506,19.0,1.0,1,0
588,29,p17,33.8772,10.9912,50.311344610500115,6.514874148633102,1.2556442967656083,1.3347577386061271,19.0,1.0,1,0
589,29,p18,38.3866,7.2769,27.97159435896412,19.511845851741555,0.9408368243218376,1.2948143991349856,19.0,1.0,1,1
590,29,p19,39.1049,4.3415,29.304062740277878,20.27749898096153,1.6259088842859553,1.5793677391668817,19.0,1.0,1,0
591,29,p20,40.1097,4.3538,31.564449741533718,15.89581725634568,1.2820993760235593,1.1630336267244894,19.0,1.0,1,1
592,29,p21,45.9458,16.5951,53.44519360434944,5.618899875208051,0.7468219131760931,1.2113443216334698,19.0,1.0,1,0
593,29,p22,46.6593,16.8512,53.845300634938184,6.066581804545135,0.5240516195948639,1.243593305405739,19.0,1.0,1,0
594,29,p23,47.2833,16.0142,56.09794731971136,6.771465723636795,0.2113875351102803,1.2212375378063276,19.0,1.0,1,1
595,29,p24,46.2504,15.6797,55.56536196633164,5.824104325801836,0.5407249393175795,1.1637313661404671,19.0,1.0,1,0
596,30,p0,6.1338,5.8634,5.383920473782172,27.550913831811947,1.3967228071453548,1.511953694531581,23.0,1.0,1,0
597,30,p1,6.8735,5.9371,6.0831885206428895,27.657093365214035,1.4328759960303614,1.5160757706173853,23.0,1.0,1,0
598,30,p2,7.209,6.2236,6.728523368891313,27.16728475404057,1.4008143809941416,1.5140725561794357,22.0,1.0,1,0
599,30,p5,8.6648,17.4931,8.985680737514164,-2.170734414026196,1.6171087780356646,1.5513590690275394,20.0,1.0,1,0
600,30,p8,24.347,10.3508,16.12200359749119,27.128749534800097,1.517767202175617,1.5250047608693116,19.0,1.0,1,0
601,30,p9,25.1684,10.7807,16.146054993614477,26.791697921559035,1.9400421258312923,1.9218859862926496,15.0,1.0,1,0
602,30,p10,27.8412,6.5652,26.88733331751689,23.752417503270177,0.7697393325015944,1.2893017722195232,27.0,1.0,1,0
603,30,p11,30.7264,3.9263,17.24346449462195,25.621197063265978,1.691078830214606,1.6338160222878582,27.0,1.0,1,0
604,30,p20,7.022,3.9178,5.230172843914845,20.722517092208953,1.6123692908263911,1.4032542168425828,27.0,4.0,1,0
605,30,p21,6.2253,3.6095,4.442880394594728,20.438589838612646,1.527620977206061,1.3414638754648411,27.0,4.0,1,0
606,30,p22,9.0129,22.1625,21.0519553898985,8.487750578352408,1.27965659455965,1.3273662632825622,27.0,7.0,1,1
0,1,v0,12.5103,3.9283,2.172463917229741,21.30399002296884,3.2512,3.150957464760917,13.0,2.0,2,0
2,1,v1,12.6941,5.0008,2.1928781910187936,19.813463713918342,2.9026,2.7860767949868253,19.0,8.0,2,0
9,2,v2,13.2366,4.1981,5.007607093240031,19.259822548736253,2.5912,2.4352523699341093,15.0,2.0,2,1
10,3,v2,17.7279,19.7543,14.58244572109085,-1.3447469168734916,1.1336,1.052632399724434,45.0,9.0,2,1
71,4,v2,17.0209,22.4452,15.074807121795518,-3.0404862282915177,1.0018,1.4512701477929273,39.0,4.0,2,1
132,5,v2,13.1074,4.688,2.3030343780401443,21.519605397124547,1.6444,1.4860292102971997,25.0,1.0,2,0
163,6,v2,13.8167,4.8852,0.40625739817447615,22.245284633737164,1.4027,1.6900577704209148,26.0,2.0,2,0
191,7,v2,14.3656,4.667,4.103062857182453,23.122428999166413,1.777,1.4748127797343882,31.0,2.0,2,0
235,8,v2,14.5501,4.1917,17.318406128377493,27.25777458874608,1.2287,1.931883779062714,21.0,3.0,2,0
256,9,v2,10.0218,17.7117,17.867849942464265,-1.1525031016814165,2.5451,1.9601496653850576,24.0,4.0,2,0
267,10,v0,15.3485,5.2289,3.341026626039348,19.232268745930234,0.1287,0.9142456433409438,39.0,1.0,2,0
280,11,v0,10.4272,17.6098,18.02266504077113,-0.9385795800668482,1.416,2.0133955922741134,21.0,6.0,2,1
291,12,v0,14.7553,4.4937,17.30546473071334,23.48401780262937,1.9259,2.3764032446402448,15.0,4.0,2,0
295,13,v0,13.7322,4.8116,4.863524935569846,22.22873235770412,2.1727,2.213088665771913,15.0,1.0,2,0
300,14,v0,13.025,5.3871,1.8653933376020333,17.66571604953133,4.1405,4.027757116791024,11.0,4.0,2,1
306,15,v0,16.1094,21.9508,12.81543535218864,0.2532405337680155,1.6203,1.8637391283264344,19.0,1.0,2,0
315,16,v0,12.5208,6.0169,2.3035693150416297,19.629726586396693,2.5575,2.49289219819869,15.0,4.0,2,0
317,17,v0,11.937999999999999,12.6925,0.1666577030717855,14.412859277352615,2.8525,2.9883463366688914,5.0,1.0,2,1
318,17,v1,19.7625,12.5294,0.4287705757676452,15.514969620238347,2.435,3.1011822509874998,9.0,1.0,2,0
331,18,v0,19.3495,7.7345,2.0983764285662856,20.205952313489377,4.4388,4.363979433679517,15.0,7.0,2,1
344,19,v0,24.1571,12.7398,30.45428323401751,34.631960716105226,3.2138,2.7189842210776507,20.0,5.0,2,0
365,20,v2,20.8149,8.0791,3.224108566548143,28.341036072306608,0.0624,1.1274214317803068,90.0,38.0,2,1
366,20,v3,26.0909,13.3335,-0.3615688149172396,18.7085332641096,2.2905,2.243127431536534,61.0,38.0,2,0
367,20,v4,20.7431,3.6401,1.7937707139680217,22.503820403772842,0.1058,1.6147460167583212,82.0,54.0,2,1
441,21,v5,40.9414,10.4447,0.4529183596394164,17.653664485295838,0.8289,1.7691499234578651,125.0,81.0,2,0
481,22,v0,29.9863,10.707,0.6639329698159795,18.08743364711091,3.9316,3.078258175094713,33.0,14.0,2,1
531,23,v0,32.2157,11.9941,1.3381163356145622,19.30488468375168,4.8173,3.1026416823794083,37.0,13.0,2,0
569,24,v1,24.7906,13.6076,-0.3090163901262102,20.554894811150128,3.8135,4.3808930721767245,61.0,52.0,2,0
570,24,v3,41.24100000000001,13.8126,2.2181181116368176,18.38120405749459,3.4628,3.927438166744456,69.0,52.0,2,0
580,25,v0,26.0393,11.0212,0.6179081985035619,14.373236651004822,4.4218,4.562241517217641,23.0,14.0,2,1
591,26,v1,41.5289,6.4984,0.739532571855845,17.098273361241027,2.9205,2.579916462914752,40.0,5.0,2,0
592,26,v2,42.0015,7.1619,0.17456603032019924,14.920735739052002,1.6689,2.551053795135758,44.0,13.0,2,1
600,27,v1,25.8902,10.2798,0.756274651761423,17.161021652324305,2.7816,2.4828362627768525,40.0,19.0,2,0
601,27,v2,36.9475,7.9626,0.17839143658514806,14.941122142717376,1.7152,2.6883603260308377,44.0,19.0,2,1
602,27,v3,35.341,3.8138,0.5397325261507335,15.221088003017234,5.2557,3.8947741696495775,48.0,26.0,2,0
614,28,v0,20.3492,5.8508,1.5550801529991911,18.81073868546718,5.8575,5.946469828672951,11.0,5.0,2,0
618,29,v0,57.5177,16.3368,-0.7424931232216077,19.73964142215371,5.8311,5.976081982482411,19.0,1.0,2,1
633,30,v0,42.5179,9.9163,0.6031727708806436,14.440357612850766,4.1960000000000015,4.545246848166458,17.0,1.0,2,0
635,30,v1,43.9157,10.1498,-0.27522519757080843,15.605540705106867,4.7951,4.8969521808405965,22.0,6.0,2,0